项目ID,项目名称,检验项目组套,样本类型,标本容器,推荐管色,添加剂,采样量,采集要求原文,报告时间(结构化json),需人工确认
LAB000001,血细胞分析（儿科）,,全血,,紫,EDTA-K2,2mL,,"{""报告时间"": ""30分钟"", ""门诊"": ""30分钟"", ""病房"": ""4小时""}",是
LAB000002,血细胞分析,,全血,,紫,EDTA-K2,2mL,,"{""报告时间"": ""30分钟"", ""门诊"": ""30分钟"", ""病房"": ""4小时""}",是
LAB000003,C-反应蛋白,,血清,,,,,,"{""报告时间"": ""1小时"", ""门诊"": ""1小时"", ""病房"": ""4小时""}",是
LAB000004,血清淀粉样蛋白,,血清,,,,,,"{""报告时间"": ""1小时"", ""门诊"": ""1小时"", ""病房"": ""4小时""}",是
LAB000005,红细胞沉降率,,血清,,,,,,"{""报告时间"": ""1小时"", ""门诊"": ""1小时"", ""病房"": ""4小时""}",是
LAB000006,血液疟原虫检查,,血清,"游离核酸
保存管",,,10 mL,厚薄血片，检验人员采集,"{""报告时间"": ""2小时"", ""门诊"": ""1个工作日"", ""病房"": ""1个工作日""}",否
LAB000007,凝血酶原时间,"凝血功能
与DIC筛查",血浆,,蓝,枸橼酸钠,2mL,,"{""报告时间"": ""1小时""}",是
LAB000008,活化部分凝血活酶时间,"凝血功能
与DIC筛查",血浆,,蓝,枸橼酸钠,2mL,,"{""报告时间"": ""1小时""}",是
LAB000009,纤维蛋白原,"凝血功能
与DIC筛查",血浆,,蓝,枸橼酸钠,2mL,,"{""报告时间"": ""1小时""}",是
LAB000010,凝血酶时间,"凝血功能
与DIC筛查",血浆,,蓝,枸橼酸钠,2mL,,"{""报告时间"": ""1小时""}",是
LAB000011,抗凝血酶活性,"凝血功能
与DIC筛查",血浆,,蓝,枸橼酸钠,2mL,,"{""报告时间"": ""1小时""}",是
LAB000012,纤维蛋白(原)降解产物,"凝血功能
与DIC筛查",血浆,,蓝,枸橼酸钠,2mL,,"{""报告时间"": ""1小时""}",是
LAB000013,D-二聚体,"凝血功能
与DIC筛查",血浆,,蓝,枸橼酸钠,2mL,,"{""报告时间"": ""1小时""}",是
LAB000014,总蛋白,急诊肝功能,血清,,红,,5mL,,"{""报告时间"": ""1小时""}",是
LAB000015,白蛋白,急诊肝功能,血清,,红,,5mL,,"{""报告时间"": ""1小时""}",是
LAB000016,乳酸脱氢酶,急诊肝功能,血清,,红,,5mL,,"{""报告时间"": ""1小时""}",是
LAB000017,碱性磷酸酶,急诊肝功能,血清,,红,,5mL,,"{""报告时间"": ""1小时""}",是
LAB000018,丙氨酸氨基转移酶,急诊肝功能,血清,,红,,5mL,,"{""报告时间"": ""1小时""}",是
LAB000019,天门冬氨酸氨基转移酶,急诊肝功能,血清,,红,,5mL,,"{""报告时间"": ""1小时""}",是
LAB000020,γ-谷氨酰基转移酶,急诊肝功能,血清,,红,,5mL,,"{""报告时间"": ""1小时""}",是
LAB000021,总胆红素,急诊肝功能,血清,,红,,5mL,,"{""报告时间"": ""1小时""}",是
LAB000022,结合胆红素,急诊肝功能,血清,,红,,5mL,,"{""报告时间"": ""1小时""}",是
LAB000023,未结合胆红素,急诊肝功能,血清,,红,,5mL,,"{""报告时间"": ""1小时""}",是
LAB000024,胆碱酯酶,急诊肝功能,血清,,红,,5mL,,"{""报告时间"": ""1小时""}",是
LAB000025,肌酐,急诊肾功能,血清,,红,,5mL,,"{""报告时间"": ""1小时""}",是
LAB000026,尿素,急诊肾功能,尿液,无菌尿杯,红,,5mL,,"{""报告时间"": ""1小时""}",是
LAB000027,尿酸,急诊肾功能,尿液,无菌尿杯,红,,5mL,,"{""报告时间"": ""1小时""}",是
LAB000028,钾,急诊电解质,血清,,红,,5mL,,"{""报告时间"": ""1小时""}",是
LAB000029,钠,急诊电解质,血清,,红,,5mL,,"{""报告时间"": ""1小时""}",是
LAB000030,氯,急诊电解质,血清,,红,,5mL,,"{""报告时间"": ""1小时""}",是
LAB000031,碳酸氢盐,急诊电解质,血清,,红,,5mL,,"{""报告时间"": ""1小时""}",是
LAB000032,钙,急诊电解质,血清,,红,,5mL,,"{""报告时间"": ""1小时""}",是
LAB000033,镁,急诊电解质,血清,,红,,5mL,,"{""报告时间"": ""1小时""}",是
LAB000034,葡萄糖 (干化学),,血清,,,,,,"{""报告时间"": ""1小时"", ""门诊"": ""2小时"", ""病房"": ""4小时""}",是
LAB000035,血氨 (干化学),,血清,,,,,,"{""报告时间"": ""1小时"", ""门诊"": ""2小时"", ""病房"": ""4小时""}",是
LAB000036,淀粉酶 (干化学),,血清,,,,,,"{""报告时间"": ""1小时"", ""门诊"": ""2小时"", ""病房"": ""4小时""}",是
LAB000037,脂肪酶（干化学）,,血清,,,,,,"{""报告时间"": ""1小时"", ""门诊"": ""2小时"", ""病房"": ""4小时""}",是
LAB000038,高密度脂蛋白胆固醇（干化学）,急诊血脂,血清,,红,,5mL,,"{""报告时间"": ""1小时"", ""门诊"": ""2小时"", ""病房"": ""4小时""}",是
LAB000039,低密度脂蛋白胆固醇（干化学）,急诊血脂,血清,,红,,5mL,,"{""报告时间"": ""1小时""}",是
LAB000040,甘油三酯（干化学）,急诊血脂,血清,,红,,5mL,,"{""报告时间"": ""1小时"", ""门诊"": ""2小时"", ""病房"": ""4小时""}",是
LAB000041,总胆固醇（干化学）,急诊血脂,血清,,红,,5mL,,"{""报告时间"": ""1小时"", ""门诊"": ""2小时"", ""病房"": ""4小时""}",是
LAB000042,乳酸（干化学）,,血清,,,,,,"{""报告时间"": ""1小时"", ""门诊"": ""2小时"", ""病房"": ""4小时""}",是
LAB000043,肌钙蛋白T,心梗三项,血清,,,,,,"{""报告时间"": ""1小时""}",是
LAB000044,肌酸激酶同工酶质量,心梗三项,血清,,,,,,"{""报告时间"": ""1小时""}",是
LAB000045,肌红蛋白,心梗三项,血清,,,,,,"{""报告时间"": ""1小时""}",是
LAB000046,促肾上腺皮质激素,,血清,,,,,,"{""报告时间"": ""2小时"", ""门诊"": ""2小时"", ""病房"": ""4小时""}",是
LAB000047,白介素6,,血清,,,,,,"{""报告时间"": ""2小时"", ""门诊"": ""2小时"", ""病房"": ""4小时""}",是
LAB000048,降钙素原,,血清,,,,,,"{""报告时间"": ""2小时"", ""门诊"": ""2小时"", ""病房"": ""4小时""}",是
LAB000049,B型钠尿肽前体,,尿液,无菌尿杯,,,,,"{""报告时间"": ""2小时"", ""门诊"": ""2小时"", ""病房"": ""4小时""}",是
LAB000050,肠道病毒71型IgM,,血清,,,,,,"{""报告时间"": ""1小时"", ""门诊"": ""1小时"", ""病房"": ""4个小时""}",是
LAB000051,肺炎支原体抗体IgM,,血清,,,,,,"{""报告时间"": ""1小时"", ""门诊"": ""1小时"", ""病房"": ""4个小时""}",是
LAB000052,肺炎支原体抗体IGG,,血清,,,,,,"{""报告时间"": ""1小时"", ""门诊"": ""1小时"", ""病房"": ""4个小时""}",是
LAB000053,肺炎衣原体抗体IgM,,血清,,,,,,"{""报告时间"": ""1小时"", ""门诊"": ""1小时"", ""病房"": ""4个小时""}",是
LAB000054,肺炎衣原体抗体IgG,,血清,,,,,,"{""报告时间"": ""1小时"", ""门诊"": ""1小时"", ""病房"": ""4个小时""}",是
LAB000055,柯萨奇病毒A16型抗体IgM,,血清,,,,,,"{""报告时间"": ""1小时"", ""门诊"": ""1小时"", ""病房"": ""4个小时""}",是
LAB000056,柯萨奇病毒B型抗体IgM,,血清,,,,,,"{""报告时间"": ""1小时"", ""门诊"": ""1小时"", ""病房"": ""4个小时""}",是
LAB000057,腺病毒抗体IgM,,血清,,,,,,"{""报告时间"": ""1小时"", ""门诊"": ""1小时"", ""病房"": ""4个小时""}",是
LAB000058,呼吸道合胞病毒抗体IgM,,血清,病毒核酸采样管,,,/,,"{""报告时间"": ""1小时"", ""门诊"": ""1小时"", ""病房"": ""4个小时""}",否
LAB000059,新型冠状病毒抗体IgM,,血清,,,,,,"{""报告时间"": ""1小时"", ""门诊"": ""1小时"", ""病房"": ""4个小时""}",是
LAB000060,新型冠状病毒抗体IgG,,血清,,,,,,"{""报告时间"": ""1小时"", ""门诊"": ""1小时"", ""病房"": ""4个小时""}",是
LAB000061,肝素结合蛋白,,血清,,,,,,"{""报告时间"": ""2小时"", ""门诊"": ""2小时"", ""病房"": ""4小时""}",是
LAB000062,可溶性生长刺激表达基因2蛋白,,血清,,,,,,"{""报告时间"": ""2小时"", ""门诊"": ""2小时"", ""病房"": ""4小时""}",是
LAB000063,中性粒细胞明胶酶相关脂质运载蛋白,,血清,,,,,,"{""报告时间"": ""2小时""}",是
LAB000064,血气分析（血液化学检验）,血气分析,血清,"游离核酸
保存管",,,10 mL,血气专用采血针,"{""报告时间"": ""30分钟""}",否
LAB000065,钾（血气分析）,血气分析,血清,,,,,血气专用采血针,"{""报告时间"": ""30分钟""}",是
LAB000066,钠（血气分析）,血气分析,血清,,,,,血气专用采血针,"{""报告时间"": ""30分钟""}",是
LAB000067,氯（血气分析）,血气分析,血清,,,,,血气专用采血针,"{""报告时间"": ""30分钟""}",是
LAB000068,钙（血气分析）,血气分析,血清,,,,,血气专用采血针,"{""报告时间"": ""30分钟""}",是
LAB000069,葡萄糖（血气分析）,血气分析,血清,,,,,血气专用采血针,"{""报告时间"": ""30分钟""}",是
LAB000070,乳酸（血气分析）,血气分析,血清,,,,,血气专用采血针,"{""报告时间"": ""30分钟""}",是
LAB000071,血红蛋白（血气分析）,血气分析,血清,,,,,血气专用采血针,"{""报告时间"": ""30分钟""}",是
LAB000072,尿液分析(尿9联及以上),尿液检查,尿液,无菌尿杯,,,10mL,随机尿10mL；晨尿/随机尿10mL,"{""报告时间"": ""30分钟"", ""门诊"": ""30分钟"", ""病房"": ""4小时""}",是
LAB000073,尿妊娠试验,尿液检查,尿液,无菌尿杯,,,10mL,随机尿10mL,"{""报告时间"": ""30分钟"", ""门诊"": ""30分钟"", ""病房"": ""1个工作日""}",是
LAB000074,尿淀粉酶  (干化学法),尿液检查,尿液,无菌尿杯,,,10mL,随机尿10mL,"{""报告时间"": ""1小时""}",是
LAB000075,尿中性粒细胞明胶酶相关脂质运载蛋白,尿液检查,尿液,无菌尿杯,,,10mL,随机尿10mL,"{""报告时间"": ""2小时""}",是
LAB000076,粪便常规,粪便检查,粪便,便盒,,,3-5g,粪便3-5g,"{""报告时间"": ""30分钟"", ""门诊"": ""30分钟"", ""病房"": ""4小时""}",否
LAB000077,隐血试验,粪便检查,粪便,便盒,,,3-5g,粪便3-5g,"{""报告时间"": ""30分钟"", ""门诊"": ""30分钟"", ""病房"": ""4小时""}",是
LAB000078,粪便转铁蛋白,粪便检查,粪便,便盒,,,3-5g,粪便3-5g,"{""报告时间"": ""30分钟"", ""门诊"": ""30分钟"", ""病房"": ""4小时""}",是
LAB000079,轮状病毒抗原,粪便检查,粪便,便盒,,,3-5g,粪便3-5g,"{""报告时间"": ""1小时"", ""门诊"": ""1小时"", ""病房"": ""1个工作日""}",是
LAB000080,甲型流感病毒抗原,流感病毒抗原,拭子,病毒核酸采样管,,,,咽拭子,"{""报告时间"": ""1小时""}",是
LAB000081,乙型流感病毒抗原,流感病毒抗原,拭子,病毒核酸采样管,,,,咽拭子,"{""报告时间"": ""1小时""}",是
LAB000082,甲型流感病毒核酸检测,呼吸道病毒核酸检测,拭子,病毒核酸采样管,,,,咽拭子,"{""报告时间"": ""4小时"", ""门诊"": ""4小时"", ""病房"": ""4小时""}",是
LAB000083,乙型流感病毒核酸检测,呼吸道病毒核酸检测,拭子,病毒核酸采样管,,,,咽拭子,"{""报告时间"": ""4小时"", ""门诊"": ""4小时"", ""病房"": ""4小时""}",是
LAB000084,呼吸道合胞病毒核酸检测,呼吸道病毒核酸检测,拭子,病毒核酸采样管,,,/,咽拭子,"{""报告时间"": ""4小时"", ""门诊"": ""4小时"", ""病房"": ""4小时""}",否
LAB000085,2019新型冠状病毒核酸检测（POCT）,呼吸道病毒核酸检测,拭子,病毒核酸采样管,,,,咽拭子,"{""报告时间"": ""4小时"", ""门诊"": ""4小时"", ""病房"": ""4小时""}",是
LAB000086,肺炎支原体 DNA,呼吸道病毒核酸检测,拭子,无菌拭子,,,,咽拭子,"{""报告时间"": ""4小时""}",是
LAB000087,腹水常规检查,,胸腹水,无菌管,,,,,"{""报告时间"": ""2小时""}",是
LAB000088,胸水常规检查,,胸腹水,无菌管,,,,,"{""报告时间"": ""2小时""}",是
LAB000089,脑脊液常规检查,,脑脊液,15ml离心管,,,1～5mL,或,"{""报告时间"": ""2小时"", ""门诊"": ""1个工作日"", ""病房"": ""1个工作日""}",否
LAB000090,网织红细胞计数,,全血,,紫,EDTA-K2,2mL,,"{""门诊"": ""2小时"", ""病房"": ""4小时""}",是
LAB000091,嗜酸性粒细胞直接计数,,血清,,,,,,"{""门诊"": ""1小时"", ""病房"": ""4小时""}",是
LAB000092,幽门螺杆菌快速检测,,血清,,,,,,"{""门诊"": ""1小时"", ""病房"": ""4小时""}",是
LAB000093,血液微丝蚴检查,,血清,"游离核酸
保存管",,,10 mL,,"{""门诊"": ""1个工作日"", ""病房"": ""1个工作日""}",否
LAB000094,红斑狼疮细胞检查,,血清,,,,,玻璃管,"{""门诊"": ""1个工作日"", ""病房"": ""1个工作日""}",是
LAB000095,红细胞渗透脆性试验,,血清,,,,,,"{""门诊"": ""1个工作日"", ""病房"": ""1个工作日""}",是
LAB000096,蔗糖溶血试验,,血清,,,,,,"{""门诊"": ""1个工作日"", ""病房"": ""1个工作日""}",是
LAB000097,渗透压检查(血液晶体),,血清,"游离核酸
保存管",,,10 mL,,"{""门诊"": ""1个工作日"", ""病房"": ""1个工作日""}",否
LAB000098,渗透压检查(血液胶体),,血清,"游离核酸
保存管",,,10 mL,,"{""门诊"": ""1个工作日"", ""病房"": ""1个工作日""}",否
LAB000099,凝血酶原时间,凝血功能筛查与DIC筛查,血浆,,蓝,枸橼酸钠,2mL,,"{""门诊"": ""2小时"", ""病房"": ""4小时""}",是
LAB000100,活化部分凝血活酶时间,凝血功能筛查与DIC筛查,血浆,,蓝,枸橼酸钠,2mL,,"{""门诊"": ""2小时"", ""病房"": ""4小时""}",是
LAB000101,纤维蛋白原,凝血功能筛查与DIC筛查,血浆,,蓝,枸橼酸钠,2mL,,"{""门诊"": ""2小时"", ""病房"": ""4小时""}",是
LAB000102,凝血酶时间,凝血功能筛查与DIC筛查,血浆,,蓝,枸橼酸钠,2mL,,"{""门诊"": ""2小时"", ""病房"": ""4小时""}",是
LAB000103,抗凝血酶活性,凝血功能筛查与DIC筛查,血浆,,蓝,枸橼酸钠,2mL,,"{""门诊"": ""2小时"", ""病房"": ""4小时""}",是
LAB000104,纤维蛋白(原)降解产物,凝血功能筛查与DIC筛查,血浆,,蓝,枸橼酸钠,2mL,,"{""门诊"": ""2小时"", ""病房"": ""4小时""}",是
LAB000105,D-二聚体,凝血功能筛查与DIC筛查,血浆,,蓝,枸橼酸钠,2mL,,"{""门诊"": ""2小时"", ""病房"": ""4小时""}",是
LAB000106,低分子肝素测定(LMWH),,血清,,,,,,"{""门诊"": ""2小时"", ""病房"": ""4小时""}",是
LAB000107,血浆肝素含量测定,,血清,,,,,,"{""门诊"": ""2小时"", ""病房"": ""4小时""}",是
LAB000108,血浆凝血因子活性 II,出血与血栓筛查,血浆,,蓝,枸橼酸钠,2mL,,"{""门诊"": ""5个工作日"", ""病房"": ""5个工作日""}",是
LAB000109,血浆凝血因子活性 Ⅶ,出血与血栓筛查,血浆,,蓝,枸橼酸钠,2mL,,"{""门诊"": ""5个工作日"", ""病房"": ""5个工作日""}",是
LAB000110,血浆凝血因子活性 Ⅹ,出血与血栓筛查,血浆,,蓝,枸橼酸钠,2mL,,"{""门诊"": ""5个工作日"", ""病房"": ""5个工作日""}",是
LAB000111,血浆凝血因子活性 Ⅴ,出血与血栓筛查,血浆,,蓝,枸橼酸钠,2mL,,"{""门诊"": ""5个工作日"", ""病房"": ""5个工作日""}",是
LAB000112,血浆凝血因子活性 Ⅷ,出血与血栓筛查,血浆,,蓝,枸橼酸钠,2mL,,"{""门诊"": ""5个工作日"", ""病房"": ""5个工作日""}",是
LAB000113,血浆凝血因子活性 Ⅸ,出血与血栓筛查,血浆,,蓝,枸橼酸钠,2mL,,"{""门诊"": ""5个工作日"", ""病房"": ""5个工作日""}",是
LAB000114,血浆凝血因子活性 Ⅺ,出血与血栓筛查,血浆,,蓝,枸橼酸钠,2mL,,"{""门诊"": ""5个工作日"", ""病房"": ""5个工作日""}",是
LAB000115,血浆凝血因子活性 Ⅻ,出血与血栓筛查,血浆,,蓝,枸橼酸钠,2mL,,"{""门诊"": ""5个工作日"", ""病房"": ""5个工作日""}",是
LAB000116,血浆纤溶酶原活性,出血与血栓筛查,血浆,,蓝,枸橼酸钠,2mL,,"{""门诊"": ""5个工作日"", ""病房"": ""5个工作日""}",是
LAB000117,血浆蛋白C活性,出血与血栓筛查,血浆,,蓝,枸橼酸钠,2mL,,"{""门诊"": ""5个工作日"", ""病房"": ""5个工作日""}",是
LAB000118,血浆α2纤溶酶抑制物活性,出血与血栓筛查,血浆,,蓝,枸橼酸钠,2mL,,"{""门诊"": ""5个工作日"", ""病房"": ""5个工作日""}",是
LAB000119,狼疮抗凝物质检测,出血与血栓筛查,血浆,,蓝,枸橼酸钠,2mL,,"{""门诊"": ""5个工作日"", ""病房"": ""5个工作日""}",是
LAB000120,二磷酸腺苷(ADP),血小板聚集功能试验,血清,,,,,,"{""门诊"": ""1个工作日"", ""病房"": ""1个工作日""}",是
LAB000121,花生四烯酸（AA）,血小板聚集功能试验,血清,,,,,,"{""门诊"": ""1个工作日"", ""病房"": ""1个工作日""}",是
LAB000122,血栓弹力图试验（TEG）,血栓弹力图试验,血浆,,蓝,枸橼酸钠,2mL,,"{""门诊"": ""1个工作日"", ""病房"": ""1个工作日""}",是
LAB000123,血栓弹力图试验（TEG）（肝素）,血栓弹力图试验,血浆,,蓝,枸橼酸钠,2mL,,"{""门诊"": ""1个工作日"", ""病房"": ""1个工作日""}",是
LAB000124,全血粘度（低切）,血液流变学,血清,,,,,,"{""门诊"": ""1个工作日"", ""病房"": ""1个工作日""}",是
LAB000125,全血粘度 (高切),血液流变学,血清,,,,,,"{""门诊"": ""1个工作日"", ""病房"": ""1个工作日""}",是
LAB000126,全血粘度（中切）,血液流变学,血清,,,,,,"{""门诊"": ""1个工作日"", ""病房"": ""1个工作日""}",是
LAB000127,血浆粘度,血液流变学,血清,,,,,,"{""门诊"": ""1个工作日"", ""病房"": ""1个工作日""}",是
LAB000128,异常白细胞形态检查,,血清,,,,,外周血涂片,"{""门诊"": ""1个工作日"", ""病房"": ""1个工作日""}",是
LAB000129,异常红细胞形态检查,,血清,,,,,外周血涂片,"{""门诊"": ""1个工作日"", ""病房"": ""1个工作日""}",是
LAB000130,异常血小板形态检查,,血清,,,,,外周血涂片,"{""门诊"": ""1个工作日"", ""病房"": ""1个工作日""}",是
LAB000131,总蛋白,急诊肝功能(干化学),血清,,红,,5mL,,"{""门诊"": ""2小时"", ""病房"": ""4小时""}",是
LAB000132,白蛋白,急诊肝功能(干化学),血清,,红,,5mL,,"{""门诊"": ""2小时"", ""病房"": ""4小时""}",是
LAB000133,乳酸脱氢酶,急诊肝功能(干化学),血清,,红,,5mL,,"{""门诊"": ""2小时"", ""病房"": ""4小时""}",是
LAB000134,碱性磷酸酶,急诊肝功能(干化学),血清,,红,,5mL,,"{""门诊"": ""2小时"", ""病房"": ""4小时""}",是
LAB000135,丙氨酸氨基转移酶,急诊肝功能(干化学),血清,,红,,5mL,,"{""门诊"": ""2小时"", ""病房"": ""4小时""}",是
LAB000136,天门冬氨酸氨基转移酶,急诊肝功能(干化学),血清,,红,,5mL,,"{""门诊"": ""2小时"", ""病房"": ""4小时""}",是
LAB000137,γ-谷氨酰基转移酶,急诊肝功能(干化学),血清,,红,,5mL,,"{""门诊"": ""2小时"", ""病房"": ""4小时""}",是
LAB000138,总胆红素,急诊肝功能(干化学),血清,,红,,5mL,,"{""门诊"": ""2小时"", ""病房"": ""4小时""}",是
LAB000139,结合胆红素,急诊肝功能(干化学),血清,,红,,5mL,,"{""门诊"": ""2小时"", ""病房"": ""4小时""}",是
LAB000140,未结合胆红素,急诊肝功能(干化学),血清,,红,,5mL,,"{""门诊"": ""2小时"", ""病房"": ""4小时""}",是
LAB000141,胆碱酯酶,急诊肝功能(干化学),血清,,红,,5mL,,"{""门诊"": ""2小时"", ""病房"": ""4小时""}",是
LAB000142,肌酐,急诊肾功能(干化学),血清,,红,,5mL,,"{""门诊"": ""2小时"", ""病房"": ""4小时""}",是
LAB000143,尿素,急诊肾功能(干化学),尿液,无菌尿杯,红,,5mL,,"{""门诊"": ""2小时"", ""病房"": ""4小时""}",是
LAB000144,尿酸,急诊肾功能(干化学),尿液,无菌尿杯,红,,5mL,,"{""门诊"": ""2小时"", ""病房"": ""4小时""}",是
LAB000145,钾,急诊电解质(干化学),血清,,红,,5mL,,"{""门诊"": ""2小时"", ""病房"": ""4小时""}",是
LAB000146,钠,急诊电解质(干化学),血清,,红,,5mL,,"{""门诊"": ""2小时"", ""病房"": ""4小时""}",是
LAB000147,氯,急诊电解质(干化学),血清,,红,,5mL,,"{""门诊"": ""2小时"", ""病房"": ""4小时""}",是
LAB000148,碳酸氢盐,急诊电解质(干化学),血清,,红,,5mL,,"{""门诊"": ""2小时"", ""病房"": ""4小时""}",是
LAB000149,钙,急诊电解质(干化学),血清,,红,,5mL,,"{""门诊"": ""2小时"", ""病房"": ""4小时""}",是
LAB000150,镁,急诊电解质(干化学),血清,,红,,5mL,,"{""门诊"": ""2小时"", ""病房"": ""4小时""}",是
LAB000151,低密度质蛋白胆固醇（干化学）,急诊血脂,血清,,红,,5mL,,"{""门诊"": ""2小时"", ""病房"": ""4小时""}",是
LAB000152,肌钙蛋白T,"心梗
三项",血清,,,,,,"{""门诊"": ""2小时"", ""病房"": ""4小时""}",是
LAB000153,肌酸激酶同工酶质量,"心梗
三项",血清,,,,,,"{""门诊"": ""2小时"", ""病房"": ""4小时""}",是
LAB000154,肌红蛋白,"心梗
三项",血清,,,,,,"{""门诊"": ""2小时"", ""病房"": ""4小时""}",是
LAB000155,中性粒细胞明胶酶相关脂质运载蛋,,血清,,,,,,"{""门诊"": ""2小时"", ""病房"": ""4小时""}",是
LAB000156,血气分析（血液化学检验）,"血气
分析",血清,"游离核酸
保存管",,,10 mL,血气专用采血针,"{""门诊"": ""30分钟"", ""病房"": ""1小时""}",否
LAB000157,钾（血气分析）,"血气
分析",血清,,,,,血气专用采血针,"{""门诊"": ""30分钟"", ""病房"": ""1小时""}",是
LAB000158,钠（血气分析）,"血气
分析",血清,,,,,血气专用采血针,"{""门诊"": ""30分钟"", ""病房"": ""1小时""}",是
LAB000159,氯（血气分析）,"血气
分析",血清,,,,,血气专用采血针,"{""门诊"": ""30分钟"", ""病房"": ""1小时""}",是
LAB000160,钙（血气分析）,"血气
分析",血清,,,,,血气专用采血针,"{""门诊"": ""30分钟"", ""病房"": ""1小时""}",是
LAB000161,葡萄糖（血气分析）,"血气
分析",血清,,,,,血气专用采血针,"{""门诊"": ""30分钟"", ""病房"": ""1小时""}",是
LAB000162,乳酸（血气分析）,"血气
分析",血清,,,,,血气专用采血针,"{""门诊"": ""30分钟"", ""病房"": ""1小时""}",是
LAB000163,血红蛋白（血气分析）,"血气
分析",血清,,,,,血气专用采血针,"{""门诊"": ""30分钟"", ""病房"": ""1小时""}",是
LAB000164,MP DNA,呼吸道病毒核酸检测,拭子,无菌拭子,,,,咽拭子,"{""门诊"": ""4小时"", ""病房"": ""4小时""}",是
LAB000165,骨髓涂片细胞学检验,,血清,,,,0.2mL,骨髓0.2mL,"{""门诊"": ""5个工作日"", ""病房"": ""5个工作日""}",是
LAB000166,骨髓特殊染色及酶组织化学染色检查(过氧化物酶染色）,白血病组化染色,血清,,,,0.2mL,骨髓0.2mL,"{""门诊"": ""5个工作日"", ""病房"": ""5个工作日""}",是
LAB000167,骨髓特殊染色及酶组织化学染色检查(糖原染色）,白血病组化染色,血清,,,,0.2mL,骨髓0.2mL,"{""门诊"": ""5个工作日"", ""病房"": ""5个工作日""}",是
LAB000168,骨髓特殊染色及酶组织化学染色检查(非特异性酯酶染色）,白血病组化染色,血清,,,,0.2mL,骨髓0.2mL,"{""门诊"": ""5个工作日"", ""病房"": ""5个工作日""}",是
LAB000169,骨髓特殊染色及酶组织化学染色检查(+NaF),白血病组化染色,血清,,,,0.2mL,骨髓0.2mL,"{""门诊"": ""5个工作日"", ""病房"": ""5个工作日""}",是
LAB000170,骨髓特殊染色及酶组织化学染色检查(特异性酯酶染色）,白血病组化染色,血清,,,,0.2mL,骨髓0.2mL,"{""门诊"": ""5个工作日"", ""病房"": ""5个工作日""}",是
LAB000171,骨髓特殊染色及酶组织化学染色检查(铁染色）,白血病组化染色,血清,,,,0.2mL,骨髓0.2mL,"{""门诊"": ""5个工作日"", ""病房"": ""5个工作日""}",是
LAB000172,骨髓特殊染色及酶组织化学染色检查(碱性磷酸酶染色）,白血病组化染色,血清,,,,0.2mL,骨髓0.2mL,"{""门诊"": ""5个工作日"", ""病房"": ""5个工作日""}",是
LAB000173,尿沉渣检测,尿液检查,尿液,尿沉渣管,,,10mL,晨尿/随机尿10mL,"{""门诊"": ""1小时"", ""病房"": ""4小时""}",否
LAB000174,尿中性粒细胞明胶酶相关脂质运载蛋,尿液检查,尿液,无菌尿杯,,,10mL,晨尿/随机尿10mL,"{""门诊"": ""2小时"", ""病房"": ""4小时""}",是
LAB000175,尿微量白蛋白/尿肌酐比值,尿液检查,尿液,无菌尿杯,,,10mL,晨尿/随机尿10mL,"{""门诊"": ""1个工作日"", ""病房"": ""1个工作日""}",是
LAB000176,尿乳糜定性检查,尿液检查,尿液,无菌尿杯,,,10mL,随机尿10mL,"{""门诊"": ""1个工作日"", ""病房"": ""1个工作日""}",是
LAB000177,渗透压检查(尿液),尿液检查,尿液,无菌尿杯,,,10mL,随机尿10mL,"{""门诊"": ""1个工作日"", ""病房"": ""1个工作日""}",是
LAB000178,尿本-周氏蛋白定性检查,尿液检查,尿液,无菌尿杯,,,10mL,随机尿10mL,"{""门诊"": ""1个工作日"", ""病房"": ""1个工作日""}",是
LAB000179,尿含铁血黄素定性试验,尿液检查,尿液,无菌尿杯,,,10mL,晨尿10mL，专用管,"{""门诊"": ""1个工作日"", ""病房"": ""1个工作日""}",是
LAB000180,尿浓缩稀释试验(莫氏试验),尿液检查,尿液,无菌尿杯,,,,定时尿,"{""门诊"": ""1个工作日"", ""病房"": ""1个工作日""}",是
LAB000181,尿淀粉酶 (干化学),尿液检查,尿液,无菌尿杯,,,10mL,随机尿10mL,"{""门诊"": ""2小时"", ""病房"": ""4小时""}",是
LAB000182,尿肺炎链球菌抗原检测,尿液检查,尿液,无菌尿杯,,,10mL,随机尿10mL,"{""门诊"": ""1小时"", ""病房"": ""2小时""}",是
LAB000183,幽门螺杆菌粪便抗原检查,粪便检查,粪便,便盒,,,3-5g,粪便3-5g,"{""门诊"": ""1小时"", ""病房"": ""1个工作日""}",是
LAB000184,粪便常规（仪器法）,粪便检查,粪便,便盒,,,3-5g,粪便3-5g,"{""门诊"": ""1小时"", ""病房"": ""4小时""}",是
LAB000185,钙卫蛋白,粪便检查,粪便,便盒,,,3-5g,粪便3-5g,"{""门诊"": ""1小时"", ""病房"": ""4小时""}",是
LAB000186,前列腺液常规检查,,血清,,,,,前列腺液,"{""门诊"": ""30分钟"", ""病房"": ""1个工作日""}",是
LAB000187,精液常规检查,,血清,,,,,精液,"{""门诊"": ""1个工作日"", ""病房"": ""1个工作日""}",是
LAB000188,阴道分泌物检查,阴道分泌物检查,血清,女性试子,,,,或,"{""门诊"": ""30分钟"", ""病房"": ""4小时""}",否
LAB000189,细菌性阴道病检测,阴道分泌物检查,血清,,,,,或,"{""门诊"": ""45分钟"", ""病房"": ""4小时""}",是
LAB000190,白色念珠菌抗原检测,阴道分泌物检查,血清,,,,,或,"{""门诊"": ""45分钟"", ""病房"": ""4小时""}",是
LAB000191,阴道毛滴虫抗原检测,阴道分泌物检查,血清,,,,,或,"{""门诊"": ""45分钟"", ""病房"": ""4小时""}",是
LAB000192,阴道加德纳杆菌抗原检测,阴道分泌物检查,血清,,,,,或,"{""门诊"": ""45分钟"", ""病房"": ""4小时""}",是
LAB000193,甲型流感病毒抗原检测,流感病毒抗原检测,拭子,病毒核酸采样管,,,,咽拭子,"{""门诊"": ""1小时"", ""病房"": ""1个工作日""}",是
LAB000194,乙型流感病毒抗原检测,流感病毒抗原检测,拭子,病毒核酸采样管,,,,咽拭子,"{""门诊"": ""1小时"", ""病房"": ""1个工作日""}",是
LAB000195,胸腹水常规检查(腹水),,胸腹水,无菌管,,,≥2ml,,"{""门诊"": ""1个工作日"", ""病房"": ""1个工作日""}",否
LAB000196,胸腹水常规检查(胸水),,胸腹水,无菌管,,,≥2ml,,"{""门诊"": ""1个工作日"", ""病房"": ""1个工作日""}",否
LAB000197,穿刺液常规检查,,血清,无菌管,,,≥2ml,,"{""门诊"": ""1个工作日"", ""病房"": ""1个工作日""}",否
LAB000198,细胞学计数(支气管灌洗液),,血清,,,,,,"{""门诊"": ""1个工作日"", ""病房"": ""1个工作日""}",是
LAB000199,食物过敏原IgG抗体筛查,,血清,,,,,,"{""门诊"": ""1个工作日"", ""病房"": ""1个工作日""}",是
LAB000200,总蛋白,肝功能,血清,,红,,5mL,,"{""门诊"": ""1个工作日"", ""病房"": ""1个工作日""}",是
LAB000201,白蛋白,肝功能,血清,,红,,5mL,,"{""门诊"": ""1个工作日"", ""病房"": ""1个工作日""}",是
LAB000202,球蛋白,肝功能,血清,,红,,5mL,,"{""门诊"": ""1个工作日"", ""病房"": ""1个工作日""}",是
LAB000203,总胆红素,肝功能,血清,,红,,5mL,,"{""门诊"": ""1个工作日"", ""病房"": ""1个工作日""}",是
LAB000204,直接胆红素,肝功能,血清,,红,,5mL,,"{""门诊"": ""1个工作日"", ""病房"": ""1个工作日""}",是
LAB000205,血清间接胆红素,肝功能,血清,,红,,5mL,,"{""门诊"": ""1个工作日"", ""病房"": ""1个工作日""}",是
LAB000206,天门冬氨酸氨基转移酶,肝功能,血清,,红,,5mL,,"{""门诊"": ""1个工作日"", ""病房"": ""1个工作日""}",是
LAB000207,丙氨酸氨基转移酶,肝功能,血清,,红,,5mL,,"{""门诊"": ""1个工作日"", ""病房"": ""1个工作日""}",是
LAB000208,γ-谷氨酰转肽酶,肝功能,血清,,红,,5mL,,"{""门诊"": ""1个工作日"", ""病房"": ""1个工作日""}",是
LAB000209,碱性磷酸酶,肝功能,血清,,红,,5mL,,"{""门诊"": ""1个工作日"", ""病房"": ""1个工作日""}",是
LAB000210,乳酸脱氢酶,肝功能,血清,,红,,5mL,,"{""门诊"": ""1个工作日"", ""病房"": ""1个工作日""}",是
LAB000211,总胆汁酸,肝功能,血清,无菌管,红,,≥2ml,,"{""门诊"": ""1个工作日"", ""病房"": ""1个工作日""}",否
LAB000212,前白蛋白,肝功能,血清,,红,,5mL,,"{""门诊"": ""1个工作日"", ""病房"": ""1个工作日""}",是
LAB000213,天门冬氨酸氨基转移酶线粒体同工酶,肝功能,血清,,红,,5mL,,"{""门诊"": ""1个工作日"", ""病房"": ""1个工作日""}",是
LAB000214,超氧化物歧化酶,肝功能,血清,,红,,5mL,,"{""门诊"": ""1个工作日"", ""病房"": ""1个工作日""}",是
LAB000215,甘胆酸,肝功能,血清,,红,,5mL,,"{""门诊"": ""1个工作日"", ""病房"": ""1个工作日""}",是
LAB000216,血管紧张素转化酶,肝功能,血清,,红,,5mL,,"{""门诊"": ""1个工作日"", ""病房"": ""1个工作日""}",是
LAB000217,α-L-岩藻糖苷酶,肝功能,血清,,红,,5mL,,"{""门诊"": ""1个工作日"", ""病房"": ""1个工作日""}",是
LAB000218,α1酸性糖蛋白,,血清,,,,,,"{""门诊"": ""1个工作日"", ""病房"": ""1个工作日""}",是
LAB000219,触珠蛋白,,血清,,,,,,"{""门诊"": ""1个工作日"", ""病房"": ""1个工作日""}",是
LAB000220,α1抗胰蛋白酶抗体,,血清,,,,,,"{""门诊"": ""1个工作日"", ""病房"": ""1个工作日""}",是
LAB000221,谷胱甘肽还原酶,,血清,,,,,,"{""门诊"": ""1个工作日"", ""病房"": ""1个工作日""}",是
LAB000222,胆碱酯酶,,血清,,,,,,"{""门诊"": ""1个工作日"", ""病房"": ""1个工作日""}",是
LAB000223,一氧化氮,,血清,,,,,,"{""门诊"": ""1个工作日"", ""病房"": ""1个工作日""}",是
LAB000224,纤维连接蛋白,,血清,,,,,,"{""门诊"": ""1个工作日"", ""病房"": ""1个工作日""}",是
LAB000225,5′-核苷酸,,血清,,,,,,"{""门诊"": ""1个工作日"", ""病房"": ""1个工作日""}",是
LAB000226,唾液酸,,血清,,,,,,"{""门诊"": ""1个工作日"", ""病房"": ""1个工作日""}",是
LAB000227,特异性生长因子,,血清,,,,,,"{""门诊"": ""1个工作日"", ""病房"": ""1个工作日""}",是
LAB000228,腺苷脱氨酶,,血清,,,,,,"{""门诊"": ""1个工作日"", ""病房"": ""1个工作日""}",是
LAB000229,淀粉酶,"胰腺
功能",血清,,,,,,"{""门诊"": ""1个工作日"", ""病房"": ""1个工作日""}",是
LAB000230,胰淀粉酶,"胰腺
功能",血清,,,,,,"{""门诊"": ""1个工作日"", ""病房"": ""1个工作日""}",是
LAB000231,脂肪酶,"胰腺
功能",血清,,,,,,"{""门诊"": ""1个工作日"", ""病房"": ""1个工作日""}",是
LAB000232,甘油三酯,血脂,血清,,红,,5mL,,"{""门诊"": ""1个工作日"", ""病房"": ""1个工作日""}",是
LAB000233,总胆固醇,血脂,血清,,红,,5mL,,"{""门诊"": ""1个工作日"", ""病房"": ""1个工作日""}",是
LAB000234,高密度脂蛋白胆固醇,血脂,血清,,红,,5mL,,"{""门诊"": ""1个工作日"", ""病房"": ""1个工作日""}",是
LAB000235,低密度脂蛋白胆固醇,血脂,血清,,红,,5mL,,"{""门诊"": ""1个工作日"", ""病房"": ""1个工作日""}",是
LAB000236,非高密度脂蛋白胆固醇,血脂,血清,,红,,5mL,,"{""门诊"": ""1个工作日"", ""病房"": ""1个工作日""}",是
LAB000237,载脂蛋白AI,血脂,血清,,红,,5mL,,"{""门诊"": ""1个工作日"", ""病房"": ""1个工作日""}",是
LAB000238,载脂蛋白B,血脂,血清,,红,,5mL,,"{""门诊"": ""1个工作日"", ""病房"": ""1个工作日""}",是
LAB000239,脂蛋白a,血脂,血清,,红,,5mL,,"{""门诊"": ""1个工作日"", ""病房"": ""1个工作日""}",是
LAB000240,载脂蛋白E,血脂,血清,,红,,5mL,,"{""门诊"": ""1个工作日"", ""病房"": ""1个工作日""}",是
LAB000241,载脂蛋白AⅡ,血脂,血清,,红,,5mL,,"{""门诊"": ""1个工作日"", ""病房"": ""1个工作日""}",是
LAB000242,载脂蛋白CⅡ,血脂,血清,,红,,5mL,,"{""门诊"": ""1个工作日"", ""病房"": ""1个工作日""}",是
LAB000243,载脂蛋白CⅢ,血脂,血清,,红,,5mL,,"{""门诊"": ""1个工作日"", ""病房"": ""1个工作日""}",是
LAB000244,游离脂肪酸,血脂,血清,,红,,5mL,,"{""门诊"": ""1个工作日"", ""病房"": ""1个工作日""}",是
LAB000245,小密低密度脂蛋白胆固醇,血脂,血清,,红,,5mL,,"{""门诊"": ""1个工作日"", ""病房"": ""1个工作日""}",是
LAB000246,脂蛋白相关磷脂酶A2,血脂,血清,,红,,5mL,,"{""门诊"": ""1个工作日"", ""病房"": ""1个工作日""}",是
LAB000247,肌酐,肾功能,血清,,红,,5mL,,"{""门诊"": ""1个工作日"", ""病房"": ""1个工作日""}",是
LAB000248,尿素,肾功能,尿液,无菌尿杯,红,,5mL,,"{""门诊"": ""1个工作日"", ""病房"": ""1个工作日""}",是
LAB000249,尿酸,肾功能,尿液,无菌尿杯,红,,5mL,,"{""门诊"": ""1个工作日"", ""病房"": ""1个工作日""}",是
LAB000250,视黄醇结合蛋白,肾功能,血清,,红,,5mL,,"{""门诊"": ""1个工作日"", ""病房"": ""1个工作日""}",是
LAB000251,胱抑素C,肾功能,血清,,红,,5mL,,"{""门诊"": ""1个工作日"", ""病房"": ""1个工作日""}",是
LAB000252,补体C1q,肾功能,血清,,红,,5mL,,"{""门诊"": ""1个工作日"", ""病房"": ""1个工作日""}",是
LAB000253,肾小球滤过率,肾功能,血清,,红,,5mL,,"{""门诊"": ""1个工作日"", ""病房"": ""1个工作日""}",是
LAB000254,肌酸激酶,心功能,血清,,,,,,"{""门诊"": ""1个工作日"", ""病房"": ""1个工作日""}",是
LAB000255,肌酸激酶同工酶,心功能,血清,,,,,,"{""门诊"": ""1个工作日"", ""病房"": ""1个工作日""}",是
LAB000256,同型半胱氨酸,心功能,血清,,,,,,"{""门诊"": ""1个工作日"", ""病房"": ""1个工作日""}",是
LAB000257,超敏CRP,心功能,血清,,,,,,"{""门诊"": ""1个工作日"", ""病房"": ""1个工作日""}",是
LAB000258,缺血性修饰蛋白,心功能,血清,,,,,,"{""门诊"": ""1个工作日"", ""病房"": ""1个工作日""}",是
LAB000259,心型脂肪酸结合蛋白,心功能,血清,,,,,,"{""门诊"": ""1个工作日"", ""病房"": ""1个工作日""}",是
LAB000260,钾,电解质A,血清,,红,,5mL,,"{""门诊"": ""1个工作日"", ""病房"": ""1个工作日""}",是
LAB000261,钠,电解质A,血清,,红,,5mL,,"{""门诊"": ""1个工作日"", ""病房"": ""1个工作日""}",是
LAB000262,氯,电解质A,血清,,红,,5mL,,"{""门诊"": ""1个工作日"", ""病房"": ""1个工作日""}",是
LAB000263,碳酸氢盐,电解质A,血清,,红,,5mL,,"{""门诊"": ""1个工作日"", ""病房"": ""1个工作日""}",是
LAB000264,钙,电解质B,血清,,红,,5mL,,"{""门诊"": ""1个工作日"", ""病房"": ""1个工作日""}",是
LAB000265,磷,电解质B,血清,,红,,5mL,,"{""门诊"": ""1个工作日"", ""病房"": ""1个工作日""}",是
LAB000266,镁,电解质B,血清,,红,,5mL,,"{""门诊"": ""1个工作日"", ""病房"": ""1个工作日""}",是
LAB000267,铁,电解质B,血清,,红,,5mL,,"{""门诊"": ""1个工作日"", ""病房"": ""1个工作日""}",是
LAB000268,总铁结合力,电解质B,血清,,红,,5mL,,"{""门诊"": ""1个工作日"", ""病房"": ""1个工作日""}",是
LAB000269,糖化血红蛋白,糖尿病相关检测,尿液,无菌尿杯,紫,EDTA-K2,2mL,,"{""门诊"": ""1个工作日"", ""病房"": ""1个工作日""}",是
LAB000270,糖化血清白蛋白,糖尿病相关检测,尿液,无菌尿杯,,,,,"{""门诊"": ""1个工作日"", ""病房"": ""1个工作日""}",是
LAB000271,葡萄糖,糖尿病相关检测,尿液,无菌尿杯,,,,,"{""门诊"": ""1个工作日"", ""病房"": ""1个工作日""}",是
LAB000272,脂联素,糖尿病相关检测,尿液,无菌尿杯,,,,,"{""门诊"": ""1个工作日"", ""病房"": ""1个工作日""}",是
LAB000273,葡萄糖耐量（空腹、30分钟、60分钟、120分钟、180分钟）,糖尿病相关检测,尿液,无菌尿杯,灰,氟化钠,5mL,,"{""门诊"": ""1个工作日"", ""病房"": ""1个工作日""}",是
LAB000274,补体C3,"特定
蛋白",血清,,,,,,"{""门诊"": ""1个工作日"", ""病房"": ""1个工作日""}",是
LAB000275,补体C4,"特定
蛋白",血清,,,,,,"{""门诊"": ""1个工作日"", ""病房"": ""1个工作日""}",是
LAB000276,免疫球蛋白G,"特定
蛋白",血清,,,,,,"{""门诊"": ""1个工作日"", ""病房"": ""1个工作日""}",是
LAB000277,免疫球蛋白A,"特定
蛋白",血清,,,,,,"{""门诊"": ""1个工作日"", ""病房"": ""1个工作日""}",是
LAB000278,免疫球蛋白M,"特定
蛋白",血清,,,,,,"{""门诊"": ""1个工作日"", ""病房"": ""1个工作日""}",是
LAB000279,免疫球蛋白E,"特定
蛋白",血清,,,,,,"{""门诊"": ""1个工作日"", ""病房"": ""1个工作日""}",是
LAB000280,"抗链球菌""0""溶血素","特定
蛋白",血清,,,,,,"{""门诊"": ""1个工作日"", ""病房"": ""1个工作日""}",是
LAB000281,类风湿因子,"特定
蛋白",血清,,,,,,"{""门诊"": ""1个工作日"", ""病房"": ""1个工作日""}",是
LAB000282,超敏C反应蛋白,"特定
蛋白",血清,,,,,,"{""门诊"": ""1个工作日"", ""病房"": ""1个工作日""}",是
LAB000283,转铁蛋白,"特定
蛋白",血清,,,,,,"{""门诊"": ""1个工作日"", ""病房"": ""1个工作日""}",是
LAB000284,β2微球蛋白,"特定
蛋白",血清,,,,,,"{""门诊"": ""1个工作日"", ""病房"": ""1个工作日""}",是
LAB000285,轻链KAPPA定量,"特定
蛋白",血清,,,,,,"{""门诊"": ""1个工作日"", ""病房"": ""1个工作日""}",是
LAB000286,轻链LAMBDA定量,"特定
蛋白",血清,,,,,,"{""门诊"": ""1个工作日"", ""病房"": ""1个工作日""}",是
LAB000287,免疫球蛋白G4,"特定
蛋白",血清,,,,,,"{""门诊"": ""1个工作日"", ""病房"": ""1个工作日""}",是
LAB000288,游离轻链κ,"特定
蛋白",血清,,,,,,"{""门诊"": ""3个工作日"", ""病房"": ""3个工作日""}",是
LAB000289,游离轻链λ,"特定
蛋白",血清,,,,,,"{""门诊"": ""3个工作日"", ""病房"": ""3个工作日""}",是
LAB000290,血清蛋白电泳,电泳,血清,,,,,,"{""门诊"": ""3个工作日"", ""病房"": ""3个工作日""}",是
LAB000291,免疫固定电泳,电泳,血清,,,,,,"{""门诊"": ""3个工作日"", ""病房"": ""3个工作日""}",是
LAB000292,尿蛋白电泳,电泳,尿液,无菌尿杯,,,10mL,随机尿10mL,"{""门诊"": ""5个工作日"", ""病房"": ""5个工作日""}",是
LAB000293,尿蛋白定量,尿液相关检测,尿液,无菌尿杯,,,10mL,随机尿/ 24小时尿10mL,"{""门诊"": ""1个工作日"", ""病房"": ""1个工作日""}",是
LAB000294,尿钾,尿液相关检测,尿液,无菌尿杯,,,10mL,随机尿/ 24小时尿10mL,"{""门诊"": ""1个工作日"", ""病房"": ""1个工作日""}",是
LAB000295,尿钠,尿液相关检测,尿液,无菌尿杯,,,10mL,随机尿/ 24小时尿10mL,"{""门诊"": ""1个工作日"", ""病房"": ""1个工作日""}",是
LAB000296,尿氯,尿液相关检测,尿液,无菌尿杯,,,10mL,随机尿/ 24小时尿10mL,"{""门诊"": ""1个工作日"", ""病房"": ""1个工作日""}",是
LAB000297,尿钙,尿液相关检测,尿液,无菌尿杯,,,10mL,随机尿/ 24小时尿10mL,"{""门诊"": ""1个工作日"", ""病房"": ""1个工作日""}",是
LAB000298,尿磷,尿液相关检测,尿液,无菌尿杯,,,10mL,随机尿/ 24小时尿10mL,"{""门诊"": ""1个工作日"", ""病房"": ""1个工作日""}",是
LAB000299,尿肌酐,尿液相关检测,尿液,无菌尿杯,,,10mL,随机尿/ 24小时尿10mL,"{""门诊"": ""1个工作日"", ""病房"": ""1个工作日""}",是
LAB000300,尿尿素,尿液相关检测,尿液,无菌尿杯,,,10mL,随机尿/ 24小时尿10mL,"{""门诊"": ""1个工作日"", ""病房"": ""1个工作日""}",是
LAB000301,尿尿酸,尿液相关检测,尿液,无菌尿杯,,,10mL,随机尿/ 24小时尿10mL,"{""门诊"": ""1个工作日"", ""病房"": ""1个工作日""}",是
LAB000302,尿视黄醇结合蛋白,尿液相关检测,尿液,无菌尿杯,,,10mL,随机尿10mL,"{""门诊"": ""1个工作日"", ""病房"": ""1个工作日""}",是
LAB000303,尿轻链KAPPA定量,尿液相关检测,尿液,无菌尿杯,,,10mL,随机尿10mL,"{""门诊"": ""1个工作日"", ""病房"": ""1个工作日""}",是
LAB000304,尿轻链LAMBDA定量,尿液相关检测,尿液,无菌尿杯,,,10mL,随机尿10mL,"{""门诊"": ""1个工作日"", ""病房"": ""1个工作日""}",是
LAB000305,尿微量白蛋白,尿液相关检测,尿液,无菌尿杯,,,10mL,随机尿10mL,"{""门诊"": ""1个工作日"", ""病房"": ""1个工作日""}",是
LAB000306,α1微球蛋白,尿液相关检测,尿液,无菌尿杯,,,10mL,随机尿10mL,"{""门诊"": ""1个工作日"", ""病房"": ""1个工作日""}",是
LAB000307,尿转铁蛋白,尿液相关检测,尿液,无菌尿杯,,,10mL,随机尿10mL,"{""门诊"": ""1个工作日"", ""病房"": ""1个工作日""}",是
LAB000308,尿免疫球蛋白G,尿液相关检测,尿液,无菌尿杯,,,10mL,随机尿10mL,"{""门诊"": ""1个工作日"", ""病房"": ""1个工作日""}",是
LAB000309,内生肌酐清除率试验,尿液相关检测,尿液,无菌尿杯,,,10mL,"和
24小时尿10mL","{""门诊"": ""1个工作日"", ""病房"": ""1个工作日""}",是
LAB000310,葡萄糖,胸水/腹水生化,胸腹水,无菌管,红,,5mL,,"{""门诊"": ""1个工作日"", ""病房"": ""1个工作日""}",是
LAB000311,总蛋白,胸水/腹水生化,胸腹水,无菌管,红,,5mL,,"{""门诊"": ""1个工作日"", ""病房"": ""1个工作日""}",是
LAB000312,微量白蛋白,胸水/腹水生化,胸腹水,无菌管,红,,5mL,,"{""门诊"": ""1个工作日"", ""病房"": ""1个工作日""}",是
LAB000313,乳酸脱氢酶,胸水/腹水生化,胸腹水,无菌管,红,,5mL,,"{""门诊"": ""1个工作日"", ""病房"": ""1个工作日""}",是
LAB000314,氯化物,胸水/腹水生化,胸腹水,无菌管,红,,5mL,,"{""门诊"": ""1个工作日"", ""病房"": ""1个工作日""}",是
LAB000315,腺苷脱氨酶,胸水/腹水生化,胸腹水,无菌管,红,,5mL,,"{""门诊"": ""1个工作日"", ""病房"": ""1个工作日""}",是
LAB000316,葡萄糖,脑脊液生化,脑脊液,15ml离心管,红,,5mL,,"{""门诊"": ""1个工作日"", ""病房"": ""1个工作日""}",是
LAB000317,总蛋白,脑脊液生化,脑脊液,15ml离心管,红,,5mL,,"{""门诊"": ""1个工作日"", ""病房"": ""1个工作日""}",是
LAB000318,微量白蛋白,脑脊液生化,脑脊液,15ml离心管,红,,5mL,,"{""门诊"": ""1个工作日"", ""病房"": ""1个工作日""}",是
LAB000319,氯化物,脑脊液生化,脑脊液,15ml离心管,红,,5mL,,"{""门诊"": ""1个工作日"", ""病房"": ""1个工作日""}",是
LAB000320,垂直自动血脂亚组分（VAP）,,血清,,,,,,"{""门诊"": ""4个工作日"", ""病房"": ""4个工作日""}",是
LAB000321,甲型肝炎病毒抗体IgM,病毒性肝炎检测,血清,,,,,,"{""门诊"": ""1个工作日"", ""病房"": ""1个工作日""}",是
LAB000322,甲型肝炎病毒抗体,病毒性肝炎检测,血清,,,,,,"{""门诊"": ""1个工作日"", ""病房"": ""1个工作日""}",是
LAB000323,乙型肝炎病毒表面抗原 (定量),病毒性肝炎检测,血清,,,,,,"{""门诊"": ""1个工作日"", ""病房"": ""1个工作日""}",是
LAB000324,乙型肝炎病毒表面抗原,病毒性肝炎检测,血清,,,,,,"{""门诊"": ""1个工作日"", ""病房"": ""1个工作日""}",是
LAB000325,乙型肝炎病毒表面抗体,病毒性肝炎检测,血清,,,,,,"{""门诊"": ""1个工作日"", ""病房"": ""1个工作日""}",是
LAB000326,乙型肝炎病毒e抗原,病毒性肝炎检测,血清,,,,,,"{""门诊"": ""1个工作日"", ""病房"": ""1个工作日""}",是
LAB000327,乙型肝炎病毒e抗体,病毒性肝炎检测,血清,,,,,,"{""门诊"": ""1个工作日"", ""病房"": ""1个工作日""}",是
LAB000328,乙型肝炎病毒核心抗体,病毒性肝炎检测,血清,,,,,,"{""门诊"": ""1个工作日"", ""病房"": ""1个工作日""}",是
LAB000329,乙型肝炎病毒核心抗体IgM,病毒性肝炎检测,血清,,,,,,"{""门诊"": ""1个工作日"", ""病房"": ""1个工作日""}",是
LAB000330,乙型肝炎病毒外膜蛋白前S1抗原,病毒性肝炎检测,血清,,,,,,"{""门诊"": ""1个工作日"", ""病房"": ""1个工作日""}",是
LAB000331,丙型肝炎病毒抗体,病毒性肝炎检测,血清,,,,,,"{""门诊"": ""1个工作日"", ""病房"": ""1个工作日""}",是
LAB000332,丁型肝炎病毒抗体IgM,病毒性肝炎检测,血清,,,,,,"{""门诊"": ""1个工作日"", ""病房"": ""1个工作日""}",是
LAB000333,丁型肝炎病毒抗体IgG,病毒性肝炎检测,血清,,,,,,"{""门诊"": ""1个工作日"", ""病房"": ""1个工作日""}",是
LAB000334,戊型肝炎病毒抗体IgM,病毒性肝炎检测,血清,,,,,,"{""门诊"": ""1个工作日"", ""病房"": ""1个工作日""}",是
LAB000335,戊型肝炎病毒抗体IgG,病毒性肝炎检测,血清,,,,,,"{""门诊"": ""1个工作日"", ""病房"": ""1个工作日""}",是
LAB000336,庚型肝炎病毒抗体IgG,病毒性肝炎检测,血清,,,,,,"{""门诊"": ""1个工作日"", ""病房"": ""1个工作日""}",是
LAB000337,雌二醇,性激素,血清,,,,,,"{""门诊"": ""1个工作日"", ""病房"": ""1个工作日""}",是
LAB000338,孕酮,性激素,血清,,,,,,"{""门诊"": ""1个工作日"", ""病房"": ""1个工作日""}",是
LAB000339,促黄体生成素,性激素,血清,,,,,,"{""门诊"": ""1个工作日"", ""病房"": ""1个工作日""}",是
LAB000340,促卵泡刺激素,性激素,血清,,,,,,"{""门诊"": ""1个工作日"", ""病房"": ""1个工作日""}",是
LAB000341,垂体泌乳素,性激素,血清,,,,,,"{""门诊"": ""1个工作日"", ""病房"": ""1个工作日""}",是
LAB000342,睾酮,性激素,血清,,,,,,"{""门诊"": ""1个工作日"", ""病房"": ""1个工作日""}",是
LAB000343,性激素结合球蛋白,性激素,血清,,,,,,"{""门诊"": ""1个工作日"", ""病房"": ""1个工作日""}",是
LAB000344,人绒毛膜促性腺激素,性激素,血清,,,,,,"{""门诊"": ""1个工作日"", ""病房"": ""1个工作日""}",是
LAB000345,抗缪勒管激素,性激素,血清,,,,,,"{""门诊"": ""1个工作日"", ""病房"": ""1个工作日""}",是
LAB000346,硫酸脱氢表雄酮,性激素,血清,,,,,,"{""门诊"": ""1个工作日"", ""病房"": ""1个工作日""}",是
LAB000347,雄烯二酮,性激素,血清,,,,,,"{""门诊"": ""1个工作日"", ""病房"": ""1个工作日""}",是
LAB000348,单纯疱疹病毒I型IgG抗体,优生优育筛查,血清,,,,,,"{""门诊"": ""1个工作日"", ""病房"": ""1个工作日""}",是
LAB000349,单纯疱疹病毒I型IgM抗体,优生优育筛查,血清,,,,,,"{""门诊"": ""1个工作日"", ""病房"": ""1个工作日""}",是
LAB000350,单纯疱疹病毒II型IgG抗体,优生优育筛查,血清,,,,,,"{""门诊"": ""1个工作日"", ""病房"": ""1个工作日""}",是
LAB000351,单纯疱疹病毒II型IgM抗体,优生优育筛查,血清,,,,,,"{""门诊"": ""1个工作日"", ""病房"": ""1个工作日""}",是
LAB000352,风疹病毒IgG抗体,优生优育筛查,血清,,,,,,"{""门诊"": ""1个工作日"", ""病房"": ""1个工作日""}",是
LAB000353,风疹病毒IgM抗体,优生优育筛查,血清,,,,,,"{""门诊"": ""1个工作日"", ""病房"": ""1个工作日""}",是
LAB000354,巨细胞病毒IgG抗体,优生优育筛查,血清,,,,,,"{""门诊"": ""1个工作日"", ""病房"": ""1个工作日""}",是
LAB000355,巨细胞病毒IgM抗体,优生优育筛查,血清,,,,,,"{""门诊"": ""1个工作日"", ""病房"": ""1个工作日""}",是
LAB000356,弓形体IgG抗体,优生优育筛查,血清,,,,,,"{""门诊"": ""1个工作日"", ""病房"": ""1个工作日""}",是
LAB000357,弓形体IgM抗体,优生优育筛查,血清,,,,,,"{""门诊"": ""1个工作日"", ""病房"": ""1个工作日""}",是
LAB000358,人Ⅲ型前胶原肽(PⅢP),纤维化指标,血清,,,,,,"{""门诊"": ""1个工作日"", ""病房"": ""1个工作日""}",是
LAB000359,透明质酸酶,纤维化指标,血清,,,,,,"{""门诊"": ""1个工作日"", ""病房"": ""1个工作日""}",是
LAB000360,层粘连蛋白,纤维化指标,血清,,,,,,"{""门诊"": ""1个工作日"", ""病房"": ""1个工作日""}",是
LAB000361,Ⅳ型胶原,纤维化指标,血清,,,,,,"{""门诊"": ""1个工作日"", ""病房"": ""1个工作日""}",是
LAB000362,高尔基体跨膜糖蛋白73,纤维化指标,血清,,,,,,"{""门诊"": ""1个工作日"", ""病房"": ""1个工作日""}",是
LAB000363,涎液化糖链抗原KL-6,纤维化指标,血清,,,,,,"{""门诊"": ""1个工作日"", ""病房"": ""1个工作日""}",是
LAB000364,户尘螨、粉尘螨、热带螨、屋尘、猫皮屑、马皮屑、牛皮屑、狗皮屑、动物毛屑、牛奶、蛋白、鸡蛋黄、鱼（鳕鱼）、龙虾、生蚝（牡蛎）、蛤蜊、小麦、芝麻、燕麦、大米、核桃、腰果、开心果、芝麻、花生、大豆、面筋（麦麸）、榛子、巴西坚果、蟹、虾、杏仁、西红柿、牛肉、椰子、苹果、猕猴桃、百慕达草、梯牧草、屋尘、德国小蠊、烟曲毒、链格孢、普通白桦、刺柏、枫叶梧桐、艾蒿、普通豚草、雏菊、车前草、蒲公英、藜（鹅毛草）、胶乳、橡树、杨树、柳树、苍耳、总IgE,过敏原筛查,血清,,,,,,"{""门诊"": ""2个工作日"", ""病房"": ""2个工作日""}",是
LAB000365,肺炎支原体、肺炎衣原体、腺病毒、甲型流感、乙型流感、呼吸道合胞病毒、柯萨奇B组病毒、人副流感病毒,呼吸道感染病原体抗体IgM,血清,病毒核酸采样管,,,/,,"{""门诊"": ""2个工作日"", ""病房"": ""2个工作日""}",否
LAB000366,三碘甲状原氨酸,甲状腺相关检测,血清,,,,,,"{""门诊"": ""1个工作日"", ""病房"": ""1个工作日""}",是
LAB000367,甲状腺素,甲状腺相关检测,血清,,,,,,"{""门诊"": ""1个工作日"", ""病房"": ""1个工作日""}",是
LAB000368,游离三碘甲状原氨酸,甲状腺相关检测,血清,,,,,,"{""门诊"": ""1个工作日"", ""病房"": ""1个工作日""}",是
LAB000369,游离甲状腺素,甲状腺相关检测,血清,,,,,,"{""门诊"": ""1个工作日"", ""病房"": ""1个工作日""}",是
LAB000370,促甲状腺激素,甲状腺相关检测,血清,,,,,,"{""门诊"": ""1个工作日"", ""病房"": ""1个工作日""}",是
LAB000371,甲状腺球蛋白,甲状腺相关检测,血清,,,,,,"{""门诊"": ""1个工作日"", ""病房"": ""1个工作日""}",是
LAB000372,抗甲状腺球蛋白抗体,甲状腺相关检测,血清,,,,,,"{""门诊"": ""1个工作日"", ""病房"": ""1个工作日""}",是
LAB000373,抗甲状腺过氧化物抗体,甲状腺相关检测,血清,,,,,,"{""门诊"": ""1个工作日"", ""病房"": ""1个工作日""}",是
LAB000374,促甲状腺素受体抗体,甲状腺相关检测,血清,,,,,,"{""门诊"": ""1个工作日"", ""病房"": ""1个工作日""}",是
LAB000375,降钙素,甲状腺相关检测,血清,,,,,,"{""门诊"": ""1个工作日"", ""病房"": ""1个工作日""}",是
LAB000376,反T3,甲状腺相关检测,血清,,,,,,"{""门诊"": ""1个工作日"", ""病房"": ""1个工作日""}",是
LAB000377,促甲状腺素受体刺激性抗体,甲状腺相关检测,血清,,,,,,"{""门诊"": ""1个工作日"", ""病房"": ""1个工作日""}",是
LAB000378,甲状腺结合球蛋白,甲状腺相关检测,血清,,,,,,"{""门诊"": ""1个工作日"", ""病房"": ""1个工作日""}",是
LAB000379,甲状旁腺激素,甲状腺相关检测,血清,,,,,,"{""门诊"": ""1个工作日"", ""病房"": ""1个工作日""}",是
LAB000380,25羟基维生素D,骨代谢项目,血清,,,,,,"{""门诊"": ""1个工作日"", ""病房"": ""1个工作日""}",是
LAB000381,骨钙素N端中分子片段,骨代谢项目,血清,,,,,,"{""门诊"": ""1个工作日"", ""病房"": ""1个工作日""}",是
LAB000382,β-胶原降解产物,骨代谢项目,血清,,,,,,"{""门诊"": ""1个工作日"", ""病房"": ""1个工作日""}",是
LAB000383,总I型胶原氨基端延长链,骨代谢项目,血清,,,,,,"{""门诊"": ""1个工作日"", ""病房"": ""1个工作日""}",是
LAB000384,血清维生素A,维生素,血清,,,,,,"{""门诊"": ""2个工作日"", ""病房"": ""2个工作日""}",是
LAB000385,血清维生素B1,维生素,血清,,,,,,"{""门诊"": ""2个工作日"", ""病房"": ""2个工作日""}",是
LAB000386,血清维生素B2,维生素,血清,,,,,,"{""门诊"": ""2个工作日"", ""病房"": ""2个工作日""}",是
LAB000387,血清维生素B6,维生素,血清,,,,,,"{""门诊"": ""2个工作日"", ""病房"": ""2个工作日""}",是
LAB000388,血清维生素C,维生素,血清,,,,,,"{""门诊"": ""2个工作日"", ""病房"": ""2个工作日""}",是
LAB000389,血清维生素E,维生素,血清,,,,,,"{""门诊"": ""2个工作日"", ""病房"": ""2个工作日""}",是
LAB000390,抗核抗体（ANA）1：100,抗核抗体及滴度,血清,,,,,,"{""门诊"": ""2个工作日"", ""病房"": ""2个工作日""}",是
LAB000391,抗核抗体（ANA）1：300,抗核抗体及滴度,血清,,,,,,"{""门诊"": ""2个工作日"", ""病房"": ""2个工作日""}",是
LAB000392,抗核抗体（ANA）1：1000,抗核抗体及滴度,血清,,,,,,"{""门诊"": ""2个工作日"", ""病房"": ""2个工作日""}",是
LAB000393,抗核抗体 (ANA),抗核抗体及滴度,血清,,,,,,"{""门诊"": ""2个工作日"", ""病房"": ""2个工作日""}",是
LAB000394,抗肝肾微粒体抗体,自身免疫性肝病,血清,,黄,分离胶,5mL,,"{""门诊"": ""2个工作日"", ""病房"": ""2个工作日""}",是
LAB000395,抗肝细胞溶质抗原I型抗体,自身免疫性肝病,血清,,黄,分离胶,5mL,,"{""门诊"": ""2个工作日"", ""病房"": ""2个工作日""}",是
LAB000396,抗可溶性肝抗原/肝-胰抗原抗体,自身免疫性肝病,血清,,黄,分离胶,5mL,,"{""门诊"": ""2个工作日"", ""病房"": ""2个工作日""}",是
LAB000397,抗线粒体抗体 (AMA M2),自身免疫性肝病,血清,,黄,分离胶,5mL,,"{""门诊"": ""2个工作日"", ""病房"": ""2个工作日""}",是
LAB000398,SP100,自身免疫性肝病,血清,,黄,分离胶,5mL,,"{""门诊"": ""2个工作日"", ""病房"": ""2个工作日""}",是
LAB000399,GP210,自身免疫性肝病,血清,,黄,分离胶,5mL,,"{""门诊"": ""2个工作日"", ""病房"": ""2个工作日""}",是
LAB000400,抗中性粒细胞胞浆抗体 (cANCA),中性粒细胞胞浆抗体谱,血清,,,,,,"{""门诊"": ""2个工作日"", ""病房"": ""2个工作日""}",是
LAB000401,抗中性粒细胞胞浆抗体 (pANCA),中性粒细胞胞浆抗体谱,血清,,,,,,"{""门诊"": ""2个工作日"", ""病房"": ""2个工作日""}",是
LAB000402,抗中性粒细胞胞浆抗MPO-ANCA,中性粒细胞胞浆抗体谱,血清,,,,,,"{""门诊"": ""2个工作日"", ""病房"": ""2个工作日""}",是
LAB000403,抗中性粒细胞胞浆抗PR3-ANCA,中性粒细胞胞浆抗体谱,血清,,,,,,"{""门诊"": ""2个工作日"", ""病房"": ""2个工作日""}",是
LAB000404,抗肾小球基底膜抗体 （GBM）,中性粒细胞胞浆抗体谱,血清,,,,,,"{""门诊"": ""2个工作日"", ""病房"": ""2个工作日""}",是
LAB000405,平滑肌抗体(SMA),,血清,,,,,,"{""门诊"": ""2个工作日"", ""病房"": ""2个工作日""}",是
LAB000406,抗线粒体抗体 (AMA),,血清,,,,,,"{""门诊"": ""2个工作日"", ""病房"": ""2个工作日""}",是
LAB000407,抗核小体抗体 （AnuA）,抗核抗体谱（10项）,血清,,,,,,"{""门诊"": ""2个工作日"", ""病房"": ""2个工作日""}",是
LAB000408,抗核糖蛋白P蛋白抗体,抗核抗体谱（10项）,血清,,,,,,"{""门诊"": ""2个工作日"", ""病房"": ""2个工作日""}",是
LAB000409,抗组蛋白抗体,抗核抗体谱（10项）,血清,,,,,,"{""门诊"": ""2个工作日"", ""病房"": ""2个工作日""}",是
LAB000410,抗增殖细胞核抗原抗体,抗核抗体谱（10项）,血清,,,,,,"{""门诊"": ""2个工作日"", ""病房"": ""2个工作日""}",是
LAB000411,抗核提取物抗体 (nRNP、 Sm、SS-A、SS-B、Scl-70、Jo-1、Ro-52),抗核抗体谱（10项）,血清,,,,,,"{""门诊"": ""2个工作日"", ""病房"": ""2个工作日""}",是
LAB000412,Jo-1、OJ、EL、PL-7、PL-12、SRP、HMGCR、Mi-2α、Mi-2β、TIF1γ、NXP2、SAE1、MDA5、SSA/Ro52kD、Ku、PM-Scl75、PM-Scl100,"抗肌炎抗体谱
（17项）",血清,,,,,,"{""门诊"": ""2个工作日"", ""病房"": ""2个工作日""}",是
LAB000413,抗双链DNA（定量）,,血清,,,,,,"{""门诊"": ""2个工作日"", ""病房"": ""2个工作日""}",是
LAB000414,前列腺小体外泄蛋白,,尿液,无菌尿杯,,,10mL,"随机尿
10ml","{""门诊"": ""3个工作日"", ""病房"": ""3个工作日""}",是
LAB000415,抗磷脂酶A2受体抗体IGG,,血清,,,,,,"{""门诊"": ""2个工作日"", ""病房"": ""2个工作日""}",是
LAB000416,C肽,,血清,,,,,,"{""门诊"": ""1个工作日"", ""病房"": ""1个工作日""}",是
LAB000417,空腹、30分钟、60分钟、120分钟、180分钟,C肽释放试验,血清,,,,,,"{""门诊"": ""1个工作日"", ""病房"": ""1个工作日""}",是
LAB000418,胰岛素,,血清,,,,,,"{""门诊"": ""1个工作日"", ""病房"": ""1个工作日""}",是
LAB000419,空腹、30分钟、60分钟、120分钟、180分钟,胰岛素释放试验,血清,,,,,,"{""门诊"": ""1个工作日"", ""病房"": ""1个工作日""}",是
LAB000420,0分钟、2分钟、4分钟、6分钟、8分钟,精氨酸刺激试验,血清,,,,,,"{""门诊"": ""1个工作日"", ""病房"": ""1个工作日""}",是
LAB000421,胰岛素样生长因子-1,,血清,,,,,,"{""门诊"": ""3个工作日"", ""病房"": ""3个工作日""}",是
LAB000422,胰岛素样生长因子结合蛋白3,,血清,,,,,,"{""门诊"": ""3个工作日"", ""病房"": ""3个工作日""}",是
LAB000423,维生素 B12,,血清,,,,,,"{""门诊"": ""1个工作日"", ""病房"": ""1个工作日""}",是
LAB000424,叶酸,,血清,,,,,,"{""门诊"": ""1个工作日"", ""病房"": ""1个工作日""}",是
LAB000425,促红细胞生成素,,血清,,,,,,"{""门诊"": ""1个工作日"", ""病房"": ""1个工作日""}",是
LAB000426,抗胃壁细胞抗体,,血清,,,,,,"{""门诊"": ""2个工作日"", ""病房"": ""2个工作日""}",是
LAB000427,抗内因子抗体测定,,血清,,,,,,"{""门诊"": ""2个工作日"", ""病房"": ""2个工作日""}",是
LAB000428,抗环瓜氨酸肽抗体,,血清,,,,,,"{""门诊"": ""1个工作日"", ""病房"": ""1个工作日""}",是
LAB000429,结核杆菌抗体（IgM、IgG）,,血清,,,,,,"{""门诊"": ""1个工作日"", ""病房"": ""1个工作日""}",是
LAB000430,肺炎支原体乳胶凝集,,血清,,,,,,"{""门诊"": ""1个工作日"", ""病房"": ""1个工作日""}",是
LAB000431,人免疫缺陷病毒抗体,,血清,,,,,,"{""门诊"": ""1个工作日"", ""病房"": ""1个工作日""}",是
LAB000432,不加热血清反应素试验,,血清,,,,,,"{""门诊"": ""1个工作日"", ""病房"": ""1个工作日""}",是
LAB000433,梅毒螺旋体特异抗体,,血清,,,,,,"{""门诊"": ""1个工作日"", ""病房"": ""1个工作日""}",是
LAB000434,抗谷氨酸脱羧酶抗体,糖尿病相关抗体,尿液,无菌尿杯,,,,,"{""门诊"": ""1个工作日"", ""病房"": ""1个工作日""}",是
LAB000435,抗胰岛素抗体,糖尿病相关抗体,尿液,无菌尿杯,,,,,"{""门诊"": ""1个工作日"", ""病房"": ""1个工作日""}",是
LAB000436,抗胰岛细胞抗体,糖尿病相关抗体,尿液,无菌尿杯,,,,,"{""门诊"": ""1个工作日"", ""病房"": ""1个工作日""}",是
LAB000437,甲胎蛋白,肿瘤指标,血清,,,,,,"{""门诊"": ""1个工作日"", ""病房"": ""1个工作日""}",是
LAB000438,甲胎蛋白异质体,肿瘤指标,血清,,,,,,"{""门诊"": ""1个工作日"", ""病房"": ""1个工作日""}",是
LAB000439,癌胚抗原,肿瘤指标,血清,,,,,,"{""门诊"": ""1个工作日"", ""病房"": ""1个工作日""}",是
LAB000440,糖类抗原CA125,肿瘤指标,血清,,,,,,"{""门诊"": ""1个工作日"", ""病房"": ""1个工作日""}",是
LAB000441,糖类抗原CA19-9,肿瘤指标,血清,,,,,,"{""门诊"": ""1个工作日"", ""病房"": ""1个工作日""}",是
LAB000442,糖类抗原CA15-3,肿瘤指标,血清,,,,,,"{""门诊"": ""1个工作日"", ""病房"": ""1个工作日""}",是
LAB000443,糖类抗原CA72-4,肿瘤指标,血清,,,,,,"{""门诊"": ""1个工作日"", ""病房"": ""1个工作日""}",是
LAB000444,总前列腺特异性抗原,肿瘤指标,血清,,,,,,"{""门诊"": ""1个工作日"", ""病房"": ""1个工作日""}",是
LAB000445,游离前列腺特异性抗原,肿瘤指标,血清,,,,,,"{""门诊"": ""1个工作日"", ""病房"": ""1个工作日""}",是
LAB000446,人附睾蛋白4,肿瘤指标,血清,,,,,,"{""门诊"": ""1个工作日"", ""病房"": ""1个工作日""}",是
LAB000447,细胞角蛋白19片段,肿瘤指标,血清,,,,,,"{""门诊"": ""1个工作日"", ""病房"": ""1个工作日""}",是
LAB000448,神经元特异性烯醇化酶,肿瘤指标,血清,,,,,,"{""门诊"": ""1个工作日"", ""病房"": ""1个工作日""}",是
LAB000449,鳞状细胞癌相关抗原,肿瘤指标,血清,,,,,,"{""门诊"": ""1个工作日"", ""病房"": ""1个工作日""}",是
LAB000450,糖类抗原CA50,肿瘤指标,血清,,,,,,"{""门诊"": ""1个工作日"", ""病房"": ""1个工作日""}",是
LAB000451,糖类抗原CA24-2,肿瘤指标,血清,,,,,,"{""门诊"": ""1个工作日"", ""病房"": ""1个工作日""}",是
LAB000452,前列腺酸性磷酸酶,肿瘤指标,血清,,,,,,"{""门诊"": ""1个工作日"", ""病房"": ""1个工作日""}",是
LAB000453,异常凝血酶原,肿瘤指标,血清,,,,,,"{""门诊"": ""1个工作日"", ""病房"": ""1个工作日""}",是
LAB000454,胃泌素释放肽前体,肿瘤指标,血清,,,,,,"{""门诊"": ""1个工作日"", ""病房"": ""1个工作日""}",是
LAB000455,铁蛋白,肿瘤指标,血清,,,,,,"{""门诊"": ""1个工作日"", ""病房"": ""1个工作日""}",是
LAB000456,胸腺激酶1,肿瘤指标,血清,,,,,,"{""门诊"": ""1个工作日"", ""病房"": ""1个工作日""}",是
LAB000457,七种自身抗体,肿瘤指标,血清,,,,,,"{""门诊"": ""3个工作日"", ""病房"": ""3个工作日""}",是
LAB000458,EB病毒抗体 (EBV EA IgA),EB病毒抗体,血清,,,,,,"{""门诊"": ""1个工作日"", ""病房"": ""1个工作日""}",是
LAB000459,EB病毒抗体 (EBV EA IgG),EB病毒抗体,血清,,,,,,"{""门诊"": ""1个工作日"", ""病房"": ""1个工作日""}",是
LAB000460,EB病毒抗体 (EBV NA IgG),EB病毒抗体,血清,,,,,,"{""门诊"": ""1个工作日"", ""病房"": ""1个工作日""}",是
LAB000461,EB病毒抗体 (EBV VCA IgA),EB病毒抗体,血清,,,,,,"{""门诊"": ""1个工作日"", ""病房"": ""1个工作日""}",是
LAB000462,EB病毒抗体 (EBV VCA IgG),EB病毒抗体,血清,,,,,,"{""门诊"": ""1个工作日"", ""病房"": ""1个工作日""}",是
LAB000463,EB病毒抗体 (EBV VCA IgM),EB病毒抗体,血清,,,,,,"{""门诊"": ""1个工作日"", ""病房"": ""1个工作日""}",是
LAB000464,抗心磷脂抗体IgG,磷脂综合征,血清,,,,,,"{""门诊"": ""1个工作日"", ""病房"": ""1个工作日""}",是
LAB000465,抗心磷脂抗体IgA,磷脂综合征,血清,,,,,,"{""门诊"": ""1个工作日"", ""病房"": ""1个工作日""}",是
LAB000466,抗心磷脂抗体IgM,磷脂综合征,血清,,,,,,"{""门诊"": ""1个工作日"", ""病房"": ""1个工作日""}",是
LAB000467,抗β2-糖蛋白1抗体IgG,磷脂综合征,血清,,,,,,"{""门诊"": ""1个工作日"", ""病房"": ""1个工作日""}",是
LAB000468,抗β2-糖蛋白1抗体IgA,磷脂综合征,血清,,,,,,"{""门诊"": ""1个工作日"", ""病房"": ""1个工作日""}",是
LAB000469,抗β2-糖蛋白1抗体IgM,磷脂综合征,血清,,,,,,"{""门诊"": ""1个工作日"", ""病房"": ""1个工作日""}",是
LAB000470,醛固酮,,血清,,,,,,"{""门诊"": ""1个工作日"", ""病房"": ""1个工作日""}",是
LAB000471,皮质醇,,血清,,,,,,"{""门诊"": ""1个工作日"", ""病房"": ""1个工作日""}",是
LAB000472,生长激素,,血清,,,,,,"{""门诊"": ""1个工作日"", ""病房"": ""1个工作日""}",是
LAB000473,胃泌素-17,胃功能检测,血清,,,,,,"{""门诊"": ""1个工作日"", ""病房"": ""1个工作日""}",是
LAB000474,胃蛋白酶原Ⅰ,胃功能检测,血清,,,,,,"{""门诊"": ""1个工作日"", ""病房"": ""1个工作日""}",是
LAB000475,胃蛋白酶原Ⅱ,胃功能检测,血清,,,,,,"{""门诊"": ""1个工作日"", ""病房"": ""1个工作日""}",是
LAB000476,胃蛋白酶原Ⅰ/Ⅱ比值,胃功能检测,血清,,,,,,"{""门诊"": ""1个工作日"", ""病房"": ""1个工作日""}",是
LAB000477,凝血酶-抗凝血酶Ⅲ复合物,"血栓
四项",血浆,,蓝,枸橼酸钠,2mL,,"{""门诊"": ""1个工作日"", ""病房"": ""1个工作日""}",是
LAB000478,组织纤溶酶原活化物抑制物复合物,"血栓
四项",血浆,,蓝,枸橼酸钠,2mL,,"{""门诊"": ""1个工作日"", ""病房"": ""1个工作日""}",是
LAB000479,血栓调节蛋白,"血栓
四项",血浆,,蓝,枸橼酸钠,2mL,,"{""门诊"": ""1个工作日"", ""病房"": ""1个工作日""}",是
LAB000480,纤溶酶-抗纤溶酶复合物,"血栓
四项",血浆,,蓝,枸橼酸钠,2mL,,"{""门诊"": ""1个工作日"", ""病房"": ""1个工作日""}",是
LAB000481,新型冠状病毒IgM抗体,"新冠
抗体",血清,,,,,,"{""门诊"": ""1个工作日"", ""病房"": ""1个工作日""}",是
LAB000482,新型冠状病毒IgG抗体,"新冠
抗体",血清,,,,,,"{""门诊"": ""1个工作日"", ""病房"": ""1个工作日""}",是
LAB000483,抗血小板抗体IgG,,血清,,,,,,"{""门诊"": ""1个工作日"", ""病房"": ""1个工作日""}",是
LAB000484,磷酸化tau-181蛋白,阿尔兹海默病,血清,,,,,,"{""门诊"": ""2个工作日"", ""病房"": ""2个工作日""}",是
LAB000485,β淀粉样蛋白1-42,阿尔兹海默病,血清,,,,,,"{""门诊"": ""2个工作日"", ""病房"": ""2个工作日""}",是
LAB000486,一般细菌培养,,胸腹水,无菌管,,,,胆汁、脓液、胸水、分泌物、前列腺液、鼻咽拭子、痰液、关节液等；胆汁、脓液、胸水、分泌物、前列腺液、鼻咽拭子、痰液、关节液等,"{""门诊"": ""1 个工作日"", ""病房"": ""1 个工作日""}",是
LAB000487,一般细菌涂片检查(脑脊液),,脑脊液,灌洗液留样杯,,,2ml,新鲜脑脊液；新鲜脑脊液,"{""门诊"": ""2 小时"", ""病房"": ""2 小时""}",否
LAB000488,特殊细菌涂片检查(新型隐球菌),,脑脊液,灌洗液留样杯,,,2ml,新鲜脑脊液；新鲜脑脊液,"{""门诊"": ""2 小时"", ""病房"": ""2 小时""}",否
LAB000489,特殊细菌涂片检查(淋球菌),,血清,灌洗液留样杯,,,2ml,生殖道标本；生殖道标本,"{""门诊"": ""2 小时"", ""病房"": ""1 个工作日""}",否
LAB000490,免疫荧光染色诊断（真菌）,,粪便,便盒,,,,除粪便以及血液以外的标本；除粪便以及血液以外的标本,"{""门诊"": ""1 个工作日"", ""病房"": ""1 个工作日""}",是
LAB000491,各种标本结核菌涂片,,脑脊液,15ml离心管,,,,脑脊液、胆汁、脓液、胸水、分泌物、前列腺液、鼻咽拭子、痰液、关节液等,"{""门诊"": ""脑脊液 2个 小时，其它标本1 个工作日"", ""病房"": ""脑脊液 2个 小时，其它标本1 个工作日""}",是
LAB000492,各种标本真菌涂片,,脑脊液,灌洗液留样杯,,,2ml,脑脊液、胆汁、脓液、胸水、分泌物、前列腺液、鼻咽拭子、痰液、关节液等,"{""门诊"": ""1 个工作日"", ""病房"": ""1 个工作日""}",否
LAB000493,血培养,,血液,需氧/厌氧微生物培养瓶,,,8～10ml,与用血培养瓶（需氧瓶和厌氧瓶）；与用血培养瓶（需氧瓶和厌氧瓶）,"{""门诊"": ""阴性结果：5个工作日；阳性结果：随时报告危急值，最终报告及时报出。"", ""病房"": ""阴性结果：5个工作日；阳性结果：随时报告危急值，最终报告及时报出。""}",否
LAB000494,一般细菌培养及鉴定,,尿液,无菌尿杯,,,,中段尿、痰液、脑脊液、脓液及伤口分泌物、鼻咽拭子、眼、耳、鼻分泌物、胆汁、引流液、胸腹水、穿刺、心包、关节液等；中段尿、痰液、脑脊液、脓液及伤口分泌物、鼻咽拭子、眼、耳、鼻分泌物、胆汁、引流液、胸腹水、穿刺、心包、关节液等；支气管肺泡灌洗液；支气管肺泡灌洗液；静脉导管；静脉导管,"{""门诊"": ""4 个工作日"", ""病房"": ""4 个工作日""}",是
LAB000495,真菌培养及鉴定,,尿液,尿杯,,,8-10ml,中段尿、痰液、脑脊液、脓液及伤口分泌物、鼻咽拭子、眼、耳、鼻分泌物、胆汁、引流液、胸腹水、穿刺、心包、关节液、脑脊液、支气管肺泡灌洗等；中段尿、痰液、脑脊液、脓液及伤口分泌物、鼻咽拭子、眼、耳、鼻分泌物、胆汁、引流液、胸腹水、穿刺、心包、关节液、脑脊液、支气管肺泡灌洗等,"{""门诊"": ""脑脊液、支气管肺泡灌洗液、静脉导管报告为 5 个工作日，其余为3 个工作日"", ""病房"": ""脑脊液、支气管肺泡灌洗液、静脉导管报告为 5 个工作日，其余为3 个工作日""}",否
LAB000496,沙门菌、志贺菌培养及鉴定,,粪便,便盒,,,,粪便；粪便,"{""门诊"": ""3 个工作日"", ""病房"": ""3 个工作日""}",是
LAB000497,霍乱弧菌培养,,粪便,便盒,,,,粪便；粪便,"{""门诊"": ""3 个工作日"", ""病房"": ""3 个工作日""}",是
LAB000498,副溶血弧菌培养,,粪便,便盒,,,,粪便；粪便,"{""门诊"": ""3 个工作日"", ""病房"": ""3 个工作日""}",是
LAB000499,O-157 大肠埃希菌培养及鉴定,,粪便,便盒,,,,粪便；粪便,"{""门诊"": ""3 个工作日"", ""病房"": ""3 个工作日""}",是
LAB000500,淋球菌培养,,拭子,无菌拭子,,,/,生殖道标本；生殖道标本,"{""门诊"": ""3 个工作日"", ""病房"": ""3 个工作日""}",否
LAB000501,支原体培养及药敏,,拭子,无菌拭子,,,/,生殖道标本；生殖道标本,"{""门诊"": ""3 个工作日"", ""病房"": ""3 个工作日""}",否
LAB000502,衣原体检查,,血清,,,,,生殖道标本；生殖道标本,"{""门诊"": ""2小时"", ""病房"": ""1 个工作日""}",是
LAB000503,常规药敏定量试验（MIC）,,血清,,,,,/；/,"{""门诊"": ""一般培养基础上延时1-2个工作日"", ""病房"": ""一般培养基础上延时1-2个工作日""}",是
LAB000504,耐甲氧西林葡萄球菌检测,,血清,,,,,/；/,"{""门诊"": ""一般培养基础上延时1-2个工作日"", ""病房"": ""一般培养基础上延时1-2个工作日""}",是
LAB000505,超广谱β-内酰胺酶试验,,血清,,,,,/；/,"{""门诊"": ""一般培养基础上延时1-2个工作日"", ""病房"": ""一般培养基础上延时1-2个工作日""}",是
LAB000506,真菌 D-葡聚糖检测,,血清,,橙,促凝剂,2mL,无热源；无热源,"{""门诊"": ""3 个工作日"", ""病房"": ""3 个工作日""}",否
LAB000507,内毒素鲎定量,,血浆,橘帽管(无热源),橘,肝素钠,2ml,无热源；无热源,"{""门诊"": ""3 个工作日"", ""病房"": ""3 个工作日""}",否
LAB000508,厌氧菌培养及鉴定,,胸腹水,无菌管,,,,胆汁引流液、胸腹水、穿刺、心包、关节液等；胆汁引流液、胸腹水、穿刺、心包、关节液等,"{""门诊"": ""7 个工作日"", ""病房"": ""7 个工作日""}",是
LAB000509,结核菌培养（仪器法）,,痰液,无菌管,,,,痰液；痰液,"{""门诊"": ""2 个月"", ""病房"": ""2 个月""}",是
LAB000510,曲霉菌半乳甘露聚糖试验,,血清,,橙,促凝剂,2mL,无热源；无热源,"{""门诊"": ""4 个工作日"", ""病房"": ""4 个工作日""}",否
LAB000511,新型隐球菌抗原,,血清,,,,,,"{""门诊"": ""1 个工作日"", ""病房"": ""1 个工作日""}",是
LAB000512,Xpert结核分枝杆菌以及rpoB基因耐药检测,,胸腹水,无菌管,,,,痰液、胸水、腹水、支气管肺泡灌洗；痰液、胸水、腹水、支气管肺泡灌洗,"{""门诊"": ""2 个工作日"", ""病房"": ""2 个工作日""}",是
LAB000513,结核感染 T 细胞检测,,血浆,,绿,肝素锂,5mL,绿帽管（5ml）；绿帽管（5ml）,"{""门诊"": ""3 个工作日"", ""病房"": ""3 个工作日""}",否
LAB000514,Xpert 产毒素艰难梭菌检测,,粪便,便盒,,,,粪便；粪便,"{""门诊"": ""2 个工作日"", ""病房"": ""2 个工作日""}",是
LAB000515,嗜血杆菌培养,,血清,,,,,呼吸道标本；呼吸道标本,"{""门诊"": ""3 个工作日"", ""病房"": ""3 个工作日""}",是
LAB000516,尿菌落计数,,尿液,无菌尿杯,,,,中段尿；中段尿,"{""门诊"": ""3 个工作日"", ""病房"": ""3 个工作日""}",是
LAB000517,NTM分枝杆菌DNA鉴定,,痰液,无菌管,,,,痰液、肺泡灌洗液；痰液、肺泡灌洗液,"{""门诊"": ""3 个工作日"", ""病房"": ""3 个工作日""}",是
LAB000518,乙型肝炎病毒DNA,,血清,,,,,,"{""门诊"": ""3个工作日"", ""病房"": ""3个工作日""}",是
LAB000519,丙型肝炎病毒RNA,,血清,,,,,,"{""门诊"": ""4个工作日"", ""病房"": ""4个工作日""}",是
LAB000520,丙型肝炎病毒RNA基因分型,,血清,,,,,,"{""门诊"": ""4个工作日"", ""病房"": ""4个工作日""}",是
LAB000521,EB病毒 DNA,,血清,,,,,,"{""门诊"": ""4个工作日"", ""病房"": ""4个工作日""}",是
LAB000522,Septin9基因甲基化,,血清,,,,,,"{""门诊"": ""5个工作日"", ""病房"": ""5个工作日""}",是
LAB000523,化学药物用药指导的基因（VKORC1、CYP2C9*2、CYP2C9*3、CYP4F2*3）,华法林用药指导,血清,,,,,,"{""门诊"": ""5个工作日"", ""病房"": ""5个工作日""}",是
LAB000524,化学药物用药指导的基因（CYP2C19*2、CYP2C19*3、CYP2C19*17）,氯吡格雷用药指导,血清,,,,,,"{""门诊"": ""5个工作日"", ""病房"": ""5个工作日""}",是
LAB000525,化学药物用药指导的基因（SLCO1B1 c.521、SLCO1B1 c.388、APOE c.388、APOE c.526）,他汀用药指导,血清,,,,,,"{""门诊"": ""5个工作日"", ""病房"": ""5个工作日""}",是
LAB000526,化学药物用药指导的基因（LTC4S、PEAR1、PTGS1、GP1BA、ITGB3）,阿司匹林用药指导,血清,,,,,,"{""门诊"": ""5个工作日"", ""病房"": ""5个工作日""}",是
LAB000527,化学药物用药指导的基因（MTHFR c.677; MTHFR c.1298; MTRR c.66 ）,叶酸用药指导,血清,,,,,,"{""门诊"": ""5个工作日"", ""病房"": ""5个工作日""}",是
LAB000528,化学药物用药指导的基因（ACE、AGTR1、CYP2D6*10、ADRB1、CYP3A5、NPPA、CYP2C9*3）,高血压用药指导,血清,,,,,,"{""门诊"": ""5个工作日"", ""病房"": ""5个工作日""}",是
LAB000529,HLA-B*5801基因,,血清,,,,,,"{""门诊"": ""5个工作日"", ""病房"": ""5个工作日""}",是
LAB000530,白介素1β,细胞因子十二项,血清,,,,,,"{""门诊"": ""1个工作日"", ""病房"": ""1个工作日""}",是
LAB000531,白介素2,细胞因子十二项,血清,,,,,,"{""门诊"": ""1个工作日""}",是
LAB000532,白介素4,细胞因子十二项,血清,,,,,,"{""门诊"": ""1个工作日""}",是
LAB000533,白介素5,细胞因子十二项,血清,,,,,,"{""门诊"": ""1个工作日""}",是
LAB000534,白介素6,细胞因子十二项,血清,,,,,,"{""门诊"": ""1个工作日""}",是
LAB000535,白介素8,细胞因子十二项,血清,,,,,,"{""门诊"": ""1个工作日""}",是
LAB000536,白介素10,细胞因子十二项,血清,,,,,,"{""门诊"": ""1个工作日""}",是
LAB000537,白介素12,细胞因子十二项,血清,,,,,,"{""门诊"": ""1个工作日""}",是
LAB000538,白介素17,细胞因子十二项,血清,,,,,,"{""门诊"": ""1个工作日""}",是
LAB000539,肿瘤坏死因子α,细胞因子十二项,血清,,,,,,"{""门诊"": ""1个工作日""}",是
LAB000540,干扰素α,细胞因子十二项,血清,,,,,,"{""门诊"": ""1个工作日""}",是
LAB000541,干扰素γ,细胞因子十二项,血清,,,,,,"{""门诊"": ""1个工作日""}",是
LAB000542,T细胞相对计数,淋巴细胞亚群及绝对计数,血清,,,,,,"{""门诊"": ""1个工作日"", ""病房"": ""1个工作日""}",是
LAB000543,辅助/诱导T细胞相对计数,淋巴细胞亚群及绝对计数,血清,,,,,,"{""门诊"": ""1个工作日"", ""病房"": ""1个工作日""}",是
LAB000544,抑制/细胞毒性T细胞相对计数,淋巴细胞亚群及绝对计数,血清,,,,,,"{""门诊"": ""1个工作日"", ""病房"": ""1个工作日""}",是
LAB000545,B细胞相对计数,淋巴细胞亚群及绝对计数,血清,,,,,,"{""门诊"": ""1个工作日"", ""病房"": ""1个工作日""}",是
LAB000546,自然杀伤细胞相对计数,淋巴细胞亚群及绝对计数,血清,,,,,,"{""门诊"": ""1个工作日"", ""病房"": ""1个工作日""}",是
LAB000547,淋巴细胞绝对计数,淋巴细胞亚群及绝对计数,血清,,,,,,"{""门诊"": ""1个工作日"", ""病房"": ""1个工作日""}",是
LAB000548,T细胞绝对计数,淋巴细胞亚群及绝对计数,血清,,,,,,"{""门诊"": ""1个工作日"", ""病房"": ""1个工作日""}",是
LAB000549,辅助/诱导T细胞绝对计数,淋巴细胞亚群及绝对计数,血清,,,,,,"{""门诊"": ""1个工作日"", ""病房"": ""1个工作日""}",是
LAB000550,抑制/细胞毒性T细胞绝对计数,淋巴细胞亚群及绝对计数,血清,,,,,,"{""门诊"": ""1个工作日"", ""病房"": ""1个工作日""}",是
LAB000551,B细胞绝对计数,淋巴细胞亚群及绝对计数,血清,,,,,,"{""门诊"": ""1个工作日"", ""病房"": ""1个工作日""}",是
LAB000552,自然杀伤细胞绝对计数,淋巴细胞亚群及绝对计数,血清,,,,,,"{""门诊"": ""1个工作日"", ""病房"": ""1个工作日""}",是
LAB000553,CD4、 CD45、CD64,中性粒细胞CD64指数,血清,,,,,,"{""门诊"": ""1个工作日"", ""病房"": ""1个工作日""}",是
LAB000554,CD3、CD4、CD25、CD127,调节性T细胞（Treg检测）,血清,,,,,,"{""门诊"": ""1个工作日"", ""病房"": ""1个工作日""}",是
LAB000555,CD14、HLA-DR,单核细胞HLA-DR检测,血清,,,,,,"{""门诊"": ""1个工作日"", ""病房"": ""1个工作日""}",是
LAB000556,CD3、CD4、CD8、CD38、HLA-DR,T淋巴细胞活化,血清,,,,,,"{""门诊"": ""1个工作日"", ""病房"": ""1个工作日""}",是
LAB000557,CD3、CD20,CD20,血清,,,,,,"{""门诊"": ""1个工作日"", ""病房"": ""1个工作日""}",是
LAB000558,HLA-B27,HLA-B27检测（流式法）,血清,,,,,,"{""门诊"": ""1个工作日"", ""病房"": ""1个工作日""}",是
LAB000559,赖氨酸,血各类氨基酸检测,血清,,,,,,"{""门诊"": ""7个工作日"", ""病房"": ""7个工作日""}",是
LAB000560,组氨酸,血各类氨基酸检测,血清,,,,,,"{""门诊"": ""7个工作日"", ""病房"": ""7个工作日""}",是
LAB000561,鸟氨酸,血各类氨基酸检测,血清,,,,,,"{""门诊"": ""7个工作日"", ""病房"": ""7个工作日""}",是
LAB000562,丙氨酸,血各类氨基酸检测,血清,,,,,,"{""门诊"": ""7个工作日"", ""病房"": ""7个工作日""}",是
LAB000563,脯氨酸,血各类氨基酸检测,血清,,,,,,"{""门诊"": ""7个工作日"", ""病房"": ""7个工作日""}",是
LAB000564,苏氨酸,血各类氨基酸检测,血清,,,,,,"{""门诊"": ""7个工作日"", ""病房"": ""7个工作日""}",是
LAB000565,瓜氨酸,血各类氨基酸检测,血清,,,,,,"{""门诊"": ""7个工作日"", ""病房"": ""7个工作日""}",是
LAB000566,甘氨酸,血各类氨基酸检测,血清,,,,,,"{""门诊"": ""7个工作日"", ""病房"": ""7个工作日""}",是
LAB000567,丝氨酸,血各类氨基酸检测,血清,,,,,,"{""门诊"": ""7个工作日"", ""病房"": ""7个工作日""}",是
LAB000568,天冬氨酸,血各类氨基酸检测,血清,,,,,,"{""门诊"": ""7个工作日"", ""病房"": ""7个工作日""}",是
LAB000569,酪氨酸,血各类氨基酸检测,血清,,,,,,"{""门诊"": ""7个工作日"", ""病房"": ""7个工作日""}",是
LAB000570,亮氨酸,血各类氨基酸检测,血清,,,,,,"{""门诊"": ""7个工作日"", ""病房"": ""7个工作日""}",是
LAB000571,谷氨酸,血各类氨基酸检测,血清,,,,,,"{""门诊"": ""7个工作日"", ""病房"": ""7个工作日""}",是
LAB000572,异亮氨酸,血各类氨基酸检测,血清,,,,,,"{""门诊"": ""7个工作日"", ""病房"": ""7个工作日""}",是
LAB000573,蛋氨酸,血各类氨基酸检测,血清,,,,,,"{""门诊"": ""7个工作日"", ""病房"": ""7个工作日""}",是
LAB000574,色氨酸,血各类氨基酸检测,血清,,,,,,"{""门诊"": ""7个工作日"", ""病房"": ""7个工作日""}",是
LAB000575,苯丙氨酸,血各类氨基酸检测,血清,,,,,,"{""门诊"": ""7个工作日"", ""病房"": ""7个工作日""}",是
LAB000576,缬氨酸,血各类氨基酸检测,血清,,,,,,"{""门诊"": ""7个工作日"", ""病房"": ""7个工作日""}",是
LAB000577,精氨酸,血各类氨基酸检测,血清,,,,,,"{""门诊"": ""7个工作日"", ""病房"": ""7个工作日""}",是
LAB000578,西酞普兰,精神类药物血药浓度检测,血清,,,,,,"{""门诊"": ""4个工作日"", ""病房"": ""4个工作日""}",是
LAB000579,艾司西酞普兰,精神类药物血药浓度检测,血清,,,,,,"{""门诊"": ""4个工作日"", ""病房"": ""4个工作日""}",是
LAB000580,舍曲林,精神类药物血药浓度检测,血清,,,,,,"{""门诊"": ""4个工作日"", ""病房"": ""4个工作日""}",是
LAB000581,文拉法辛,精神类药物血药浓度检测,血清,,,,,,"{""门诊"": ""4个工作日"", ""病房"": ""4个工作日""}",是
LAB000582,O-去甲基文拉法辛,精神类药物血药浓度检测,血清,,,,,,"{""门诊"": ""4个工作日"", ""病房"": ""4个工作日""}",是
LAB000583,氟伏沙明,精神类药物血药浓度检测,血清,,,,,,"{""门诊"": ""4个工作日"", ""病房"": ""4个工作日""}",是
LAB000584,喹硫平,精神类药物血药浓度检测,血清,,,,,,"{""门诊"": ""4个工作日"", ""病房"": ""4个工作日""}",是
LAB000585,氯硝西泮,精神类药物血药浓度检测,血清,,,,,,"{""门诊"": ""4个工作日"", ""病房"": ""4个工作日""}",是
LAB000586,米氮平,精神类药物血药浓度检测,血清,,,,,,"{""门诊"": ""4个工作日"", ""病房"": ""4个工作日""}",是
LAB000587,帕罗西汀,精神类药物血药浓度检测,血清,,,,,,"{""门诊"": ""4个工作日"", ""病房"": ""4个工作日""}",是
LAB000588,度洛西汀,精神类药物血药浓度检测,血清,,,,,,"{""门诊"": ""4个工作日"", ""病房"": ""4个工作日""}",是
LAB000589,奥氮平,精神类药物血药浓度检测,血清,,,,,,"{""门诊"": ""4个工作日"", ""病房"": ""4个工作日""}",是
LAB000590,阿立哌唑,精神类药物血药浓度检测,血清,,,,,,"{""门诊"": ""4个工作日"", ""病房"": ""4个工作日""}",是
LAB000591,氟西汀,精神类药物血药浓度检测,血清,,,,,,"{""门诊"": ""4个工作日"", ""病房"": ""4个工作日""}",是
LAB000592,沙眼衣原体DNA,,尿液,无菌尿杯,,,,尿液、分泌物,"{""门诊"": ""4个工作日"", ""病房"": ""4个工作日""}",是
LAB000593,淋病奈瑟菌DNA,,尿液,无菌尿杯,,,,尿液、分泌物,"{""门诊"": ""4个工作日"", ""病房"": ""4个工作日""}",是
LAB000594,水痘-带状疱疹病毒DNA,,血清,,,,,,"{""门诊"": ""5个工作日"", ""病房"": ""5个工作日""}",是
LAB000595,巨细胞病毒DNA,,血清,,,,,,"{""门诊"": ""4个工作日"", ""病房"": ""4个工作日""}",是
LAB000596,单纯疱疹病毒 DNA,,脑脊液,15ml离心管,,,,脑脊液、疱疹液,"{""门诊"": ""4个工作日"", ""病房"": ""4个工作日""}",是
LAB000597,肺炎衣原体 DNA,,拭子,无菌拭子,,,,咽拭子、支气管灌洗液,"{""门诊"": ""4个工作日"", ""病房"": ""4个工作日""}",是
LAB000598,嗜肺军团菌DNA,,拭子,无菌拭子,,,,咽拭子、支气管灌洗液,"{""门诊"": ""4个工作日"", ""病房"": ""4个工作日""}",是
LAB000599,结核分支杆菌DNA,,尿液,无菌尿杯,,,,脑脊液、痰液、胸腹水、尿液,"{""门诊"": ""5个工作日"", ""病房"": ""5个工作日""}",是
LAB000600,诺如病毒核酸检测,,粪便,便盒,,,,粪便,"{""门诊"": ""3个工作日"", ""病房"": ""3个工作日""}",是
LAB000601,人乳头瘤病毒(HPV)核酸检测,,血清,,,,,阴道分泌物,"{""门诊"": ""4个工作日"", ""病房"": ""4个工作日""}",是
LAB000602,乙型肝炎病毒基因YMDD变异,,血清,,,,,,"{""门诊"": ""7个工作日"", ""病房"": ""7个工作日""}",是
LAB000603,人类白细胞抗原B27 (PCR法),,血清,,,,,,"{""门诊"": ""4个工作日"", ""病房"": ""4个工作日""}",是
LAB000604,抗子宫内膜抗体 (EMAb),不孕不育检测,血清,,,,,,"{""门诊"": ""3个工作日"", ""病房"": ""3个工作日""}",是
LAB000605,抗精子抗体,不孕不育检测,血清,,,,,,"{""门诊"": ""3个工作日"", ""病房"": ""3个工作日""}",是
LAB000606,磷酸葡萄糖异构酶GPI,,血清,,,,,,"{""门诊"": ""3个工作日"", ""病房"": ""3个工作日""}",是
LAB000607,肥达氏反应,,血清,,,,,,"{""门诊"": ""3个工作日"", ""病房"": ""3个工作日""}",是
LAB000608,抗角蛋白抗体(AKA),,血清,,,,,,"{""门诊"": ""3个工作日"", ""病房"": ""3个工作日""}",是
LAB000609,铜蓝蛋白,,血清,,,,,,"{""门诊"": ""3个工作日"", ""病房"": ""3个工作日""}",是
LAB000610,抗心肌抗体 (AHA),,血清,,,,,,"{""门诊"": ""4个工作日"", ""病房"": ""4个工作日""}",是
LAB000611,流行性出血热病毒抗体 IgM,流行性出血热病毒抗体,血清,,,,,,"{""门诊"": ""4个工作日"", ""病房"": ""4个工作日""}",是
LAB000612,流行性出血热病毒抗体 IgG,流行性出血热病毒抗体,血清,,,,,,"{""门诊"": ""4个工作日"", ""病房"": ""4个工作日""}",是
LAB000613,水痘-带状疱疹病毒抗体IgM,水痘-带状疱疹病毒抗体,血清,,,,,,"{""门诊"": ""4个工作日"", ""病房"": ""4个工作日""}",是
LAB000614,水痘-带状疱疹病毒抗体IgG,水痘-带状疱疹病毒抗体,血清,,,,,,"{""门诊"": ""4个工作日"", ""病房"": ""4个工作日""}",是
LAB000615,麻疹病毒抗体IgM,麻疹病毒抗体,血清,,,,,,"{""门诊"": ""3个工作日"", ""病房"": ""3个工作日""}",是
LAB000616,麻疹病毒抗体IgG,麻疹病毒抗体,血清,,,,,,"{""门诊"": ""3个工作日"", ""病房"": ""3个工作日""}",是
LAB000617,流行性腮腺炎病毒抗体IgM,流行性腮腺炎病毒抗体,血清,,,,,,"{""门诊"": ""3个工作日"", ""病房"": ""3个工作日""}",是
LAB000618,流行性腮腺炎病毒抗体IgG,流行性腮腺炎病毒抗体,血清,,,,,,"{""门诊"": ""3个工作日"", ""病房"": ""3个工作日""}",是
LAB000619,单纯疱疹病毒I型（HSV I-DNA）,,血清,,,,,分泌物,"{""门诊"": ""4个工作日"", ""病房"": ""4个工作日""}",是
LAB000620,单纯疱疹病毒II型（HSV II-DNA）,,血清,,,,,分泌物,"{""门诊"": ""4个工作日"", ""病房"": ""4个工作日""}",是
LAB000621,丙戊酸钠,,血清,,,,,,"{""门诊"": ""3个工作日"", ""病房"": ""3个工作日""}",是
LAB000622,地高辛,,血清,,,,,,"{""门诊"": ""4个工作日"", ""病房"": ""4个工作日""}",是
LAB000623,茶碱,,血清,,,,,,"{""门诊"": ""4个工作日"", ""病房"": ""4个工作日""}",是
LAB000624,环孢素,,血清,,,,,,"{""门诊"": ""7个工作日"", ""病房"": ""7个工作日""}",是
LAB000625,甲氨蝶呤,,血清,,,,,,"{""门诊"": ""2个工作日"", ""病房"": ""2个工作日""}",是
LAB000626,万古霉素,,血清,,,,,,"{""门诊"": ""7个工作日"", ""病房"": ""7个工作日""}",是
LAB000627,微量元素（铁、铜、锌、铅、钙、镁）,,血清,,,,,,"{""门诊"": ""3个工作日"", ""病房"": ""3个工作日""}",是
LAB000628,唐氏综合征（唐氏综合征检查生化法)、雌三醇）,,血清,,,,,,"{""门诊"": ""20个工作日"", ""病房"": ""20个工作日""}",是
LAB000629,外周血细胞染色体检查,,全血,,紫,EDTA-K2,2mL,,"{""门诊"": ""20个工作日"", ""病房"": ""20个工作日""}",是
LAB000630,融合基因AML1/ETO检测,白血病残留病灶检测,血清,,,,,,"{""门诊"": ""5个工作日"", ""病房"": ""5个工作日""}",是
LAB000631,融合基因BCR/ABL检测,白血病残留病灶检测,血清,,,,,,"{""门诊"": ""5个工作日"", ""病房"": ""5个工作日""}",是
LAB000632,融合基因PML/RARa检测,白血病残留病灶检测,血清,,,,,,"{""门诊"": ""5个工作日"", ""病房"": ""5个工作日""}",是
LAB000633,肾素+血管紧张素I+血管紧张素II,肾素血管紧张素,血清,,,,,,"{""门诊"": ""3个工作日"", ""病房"": ""3个工作日""}",是
LAB000634,儿茶酚胺（肾上腺素、去甲肾上腺素、多巴胺）,血儿茶酚胺类检测,血清,,,,,,"{""门诊"": ""7个工作日"", ""病房"": ""7个工作日""}",是
LAB000635,尿儿茶酚胺（肾上腺素、去甲肾上腺素、多巴胺）,尿儿茶酚胺类检测,尿液,无菌尿杯,,,10mL,24小时尿10mL,"{""门诊"": ""7个工作日"", ""病房"": ""7个工作日""}",是
LAB000636,24小时尿游离皮质醇,,尿液,无菌尿杯,,,10mL,24小时尿10mL,"{""门诊"": ""5个工作日"", ""病房"": ""5个工作日""}",是
LAB000637,24小时尿17-羟皮质类固醇,,尿液,无菌尿杯,,,10mL,24小时尿10mL,"{""门诊"": ""7个工作日"", ""病房"": ""7个工作日""}",是
LAB000638,24小时尿17-酮类固醇,,尿液,无菌尿杯,,,10mL,24小时尿10mL,"{""门诊"": ""7个工作日"", ""病房"": ""7个工作日""}",是
LAB000639,尿香草扁桃酸,,尿液,无菌尿杯,,,10mL,24小时尿10mL,"{""门诊"": ""7个工作日"", ""病房"": ""7个工作日""}",是
LAB000640,N-乙酰-β-D氨基葡萄糖苷酶,,尿液,无菌尿杯,,,10mL,随机尿10mL,"{""门诊"": ""7个工作日"", ""病房"": ""7个工作日""}",是
LAB000641,病原微生物mNGS核酸检测（DNA),,血清,,,,10mL,静脉血10ml（游离核酸保存管）或肺部灌洗液等其他体液（无菌管）或组织等标本,"{""门诊"": ""/"", ""病房"": ""1个工作日""}",是
LAB000642,病原微生物mNGS核酸检测（RNA),,血清,,,,10mL,静脉血10ml（游离核酸保存管）或肺部灌洗液等其他体液（无菌管）或组织等标本,"{""门诊"": ""/"", ""病房"": ""1个工作日""}",是
LAB000643,病原微生物mNGS核酸检测（DNA+RNA),,血清,,,,10mL,静脉血10ml（游离核酸保存管）或肺部灌洗液等其他体液（无菌管）或组织等标本,"{""门诊"": ""/"", ""病房"": ""1个工作日""}",是
LAB000644,病原微生物 tNGS 核酸检测（190+种）,,血清,,,,5mL,静脉血5ml（游离核酸保存管）或肺部灌洗液等其他体液（无菌管）或组织等标本,"{""门诊"": ""/"", ""病房"": ""1个工作日""}",是
LAB000645,病原微生物 tNGS 核酸检测（280+种）,,血清,,,,5mL,静脉血5ml（游离核酸保存管）或肺部灌洗液等其他体液（无菌管）或组织等标本,"{""门诊"": ""/"", ""病房"": ""1个工作日""}",是
LAB000646,病原微生物 tNGS 核酸检测（420+种）,,血清,,,,5mL,静脉血5ml（游离核酸保存管）或肺部灌洗液等其他体液（无菌管）或组织等标本,"{""门诊"": ""/"", ""病房"": ""1个工作日""}",是
LAB000647,宫颈疾病精准筛查（HPV 分型与人基因组整合）,,血清,,,,,宫颈脱落细胞,"{""门诊"": ""15个工作日"", ""病房"": ""15个工作日""}",是
LAB000648,全外显子组检测,,全血,,紫,EDTA-K2,2mL,采血2ml(EDTA抗凝外周血)＋黄豆粒大小新鲜组织或肿瘤石蜡切片,"{""门诊"": ""45个工作日"", ""病房"": ""45个工作日""}",否
LAB000649,染色体畸变检测分析,,全血,,紫,EDTA-K2,2mL,患者（2ml EDTA抗凝周血、外周血 DNA）；流产物（脐带、脐带血）；羊膜腔内容物、胎膜等。,"{""门诊"": ""15个工作日"", ""病房"": ""15个工作日""}",否
LAB000650,卵巢功能遗传风险分子检测,,全血,,紫,EDTA-K2,2-4mL,使用 EDTA 抗凝管和促凝采血管，分别采集 2-4mL外周血,"{""门诊"": ""15个工作日"", ""病房"": ""15个工作日""}",否
LAB000651,子宫内膜癌分子分型检测,,全血,,紫,EDTA-K2,2mL,采血2ml(EDTA抗凝外周血)＋黄豆粒大小新鲜组织或肿瘤石蜡切片,"{""门诊"": ""15个工作日"", ""病房"": ""15个工作日""}",否
LAB000652,遗传病全外显子组基因测序(样本，Solo),,全血,,紫,EDTA-K2,2mL,采血2ml(EDTA抗凝外周血)＋黄豆粒大小新鲜组织或肿瘤石蜡切片,"{""门诊"": ""20个工作日"", ""病房"": ""20个工作日""}",否
LAB000653,遗传病全外显子组家系检测(三人，Trio),,全血,,紫,EDTA-K2,2mL,采血2ml(EDTA抗凝外周血)＋黄豆粒大小新鲜组织或肿瘤石蜡切片,"{""门诊"": ""25个工作日"", ""病房"": ""25个工作日""}",否
LAB000654,优生优育全外显子夫妻联合检测PLUS(双人),,全血,,紫,EDTA-K2,2mL,采血2ml(EDTA抗凝外周血),"{""门诊"": ""20个工作日"", ""病房"": ""20个工作日""}",否
LAB000655,优生优育单基因遗传病筛查(22种)单人,,全血,,紫,EDTA-K2,2-5 mL,外周静脉血(EDTA抗凝):2-5 mL,"{""门诊"": ""10个工作日"", ""病房"": ""10个工作日""}",否
LAB000656,优生优育单基因遗传病筛查(447种)PLUS单人,,全血,,紫,EDTA-K2,2-5 mL,外周静脉血(EDTA抗凝):2-5 mL,"{""门诊"": ""20个工作日"", ""病房"": ""20个工作日""}",否
LAB000657,子宫内膜癌甲基化检测,,血清,,,,,子宫内膜脱落细胞,"{""门诊"": ""5个工作日"", ""病房"": ""5个工作日""}",是
LAB000658,胚系36基因检测（HRR),,全血,,紫,EDTA-K2,2mL,采血2ml(EDTA抗凝外周血),"{""门诊"": ""14个工作日"", ""病房"": ""14个工作日""}",否
LAB000659,胚系+体系36基因检测(组织版)（HRR),,血清,,,,2mL,血2ml加黄豆粒大小新鲜组织或肿瘤石蜡切片,"{""门诊"": ""10工作日"", ""病房"": ""10工作日""}",是
LAB000660,胚系+体系36基因检测(血液版)（HRR),,血清,"游离核酸
保存管",,,10mL,外周静脉血(STRECK采血管):10mL,"{""门诊"": ""10工作日"", ""病房"": ""10工作日""}",否
LAB000661,同源重组修复缺陷基因检测（HRD）,,全血,,紫,EDTA-K2,2mL,采血2ml(EDTA抗凝外周血)+黄豆粒大小新鲜组织或肿瘤石蜡切片,"{""门诊"": ""10工作日"", ""病房"": ""10工作日""}",否
LAB000662,BRCA基因胚系检测,,全血,,紫,EDTA-K2,2mL,采血2ml(EDTA抗凝外周血),"{""门诊"": ""10工作日"", ""病房"": ""10工作日""}",否
LAB000663,BRCA基因胚系&体系检测,,全血,,紫,EDTA-K2,2mL,采血2ml(EDTA抗凝外周血)+黄豆粒大小新鲜组织或肿瘤石蜡切片,"{""门诊"": ""10工作日"", ""病房"": ""10工作日""}",否
LAB000664,肿瘤全景基因检测（组织版）,,血清,,,,,黄豆粒大小新鲜组织或肿瘤石蜡切片>10张,"{""门诊"": ""7个工作日"", ""病房"": ""7个工作日""}",是
LAB000665,肿瘤全景基因检测（液体活检）,,胸腹水,无菌管,,,10mL,游离DNA保存管保存的外周静脉血(推荐)或胸腹水:10mL*2,"{""门诊"": ""10个工作日"", ""病房"": ""10个工作日""}",是
LAB000666,肿瘤188基因检测,,胸腹水,无菌管,,,10mL,黄豆粒大小新鲜组织或肿瘤石蜡切片>10张或10mL*2游离DNA保存管保存外周血或胸腹水,"{""门诊"": ""10个工作日"", ""病房"": ""10个工作日""}",是
LAB000667,肿瘤微小残留病灶检测（MRD）,,血清,,,,10mL,采血10mL*2游离DNA保存管保存加大panel组织检测报告或者和肿瘤全景基因组织版同时送检,"{""门诊"": ""30个工作日"", ""病房"": ""30个工作日""}",是
LAB000668,微肿瘤PTC药物敏感性检测,,血清,,,,,特殊组织保存液管保存的新鲜手术组织,"{""门诊"": ""14个工作日"", ""病房"": ""14个工作日""}",是
LAB000669,脊髓性肌萎缩症（SMA）基因检测,,全血,,紫,EDTA-K2,2mL,采血2ml(EDTA抗凝外周血),"{""门诊"": ""5个工作日"", ""病房"": ""5个工作日""}",否
